date,address,type,WAT,Confidence,risk_level,risk_description
2023-11-23,0xb9d35811424600fa9e8cd62a0471fbd025131cb8,General_Trending_Risky,89334,70,3,"[{""name"":""blacklist"",""value"":""The address is blacklisted based on threat intelligence or manual analysis.""}]"
2023-11-23,0x0000000000b35ae47b12b8ccf2f8d51e208760c8,General_Trending_Risky,66653,80,5,"[{""name"":""blacklist"",""value"":""The address is blacklisted based on threat intelligence or manual analysis.""},{""name"":""red_alarm"",""value"":""The address was marked as red alarm on: https://dappbay.bnbchain.org/risk-scanner/0x0000000000b35ae47b12b8ccf2f8d51e208760c8""}]"
2023-11-23,0xba509bdb71a29301860800e13867b59b461747af,General_Trending_Risky,58665,70,4,"[{""name"":""blacklist"",""value"":""The address is blacklisted based on threat intelligence or manual analysis.""},{""name"":""red_alarm"",""value"":""The address was marked as red alarm on: https://dappbay.bnbchain.org/risk-scanner/0xba509bdb71a29301860800e13867b59b461747af""}]"
2023-11-23,0xe01806f66abcd460a7eb38ec723cc644c3e5833c,General_Trending_Risky,42486,80,5,"[{""name"":""blacklist"",""value"":""The address is blacklisted based on threat intelligence or manual analysis.""},{""name"":""red_alarm"",""value"":""The address was marked as red alarm on: https://dappbay.bnbchain.org/risk-scanner/0xe01806f66abcd460a7eb38ec723cc644c3e5833c""}]"
2023-11-23,0x0000000000cc1ffb95df1486af6dacb26d6d1af0,General_Trending_Risky,29277,70,4,"[{""name"":""blacklist"",""value"":""The address is blacklisted based on threat intelligence or manual analysis.""},{""name"":""red_alarm"",""value"":""The address was marked as red alarm on: https://dappbay.bnbchain.org/risk-scanner/0x0000000000cc1ffb95df1486af6dacb26d6d1af0""}]"
2023-11-23,0xaf656d9bac8385bd52df038b18ced9f8bcb80792,General_Trending_Risky,28860,70,4,"[{""name"":""unverified"",""value"":""The contract is unverified which always indicates some potential risks, please be careful of scam or hack risk.""}]"
2023-11-23,0x00000000004712b0169adce3dcf583fada3dc0e0,General_Trending_Risky,28153,80,5,"[{""name"":""blacklist"",""value"":""The address is blacklisted based on threat intelligence or manual analysis.""},{""name"":""red_alarm"",""value"":""The address was marked as red alarm on: https://dappbay.bnbchain.org/risk-scanner/0x00000000004712b0169adce3dcf583fada3dc0e0""}]"
2023-11-23,0xd3d2fb3165def479310144e37e68c1e824526e36,General_Trending_Risky,23334,80,5,"[{""name"":""blacklist"",""value"":""The address is blacklisted based on threat intelligence or manual analysis.""},{""name"":""red_alarm"",""value"":""The address was marked as red alarm on: https://dappbay.bnbchain.org/risk-scanner/0xd3d2fb3165def479310144e37e68c1e824526e36""}]"
2023-11-23,0xcecce97529effc360f68b3f26eef4ad74ebf5705,General_Trending_Risky,22959,70,4,"[{""name"":""blacklist"",""value"":""The address is blacklisted based on threat intelligence or manual analysis.""},{""name"":""red_alarm"",""value"":""The address was marked as red alarm on: https://dappbay.bnbchain.org/risk-scanner/0xcecce97529effc360f68b3f26eef4ad74ebf5705""}]"
2023-11-23,0x000000000003a3c2878a1df56a486c9683220456,General_Trending_Risky,19030,70,4,"[{""name"":""red_alarm"",""value"":""The address was marked as red alarm on: https://dappbay.bnbchain.org/risk-scanner/0x000000000003a3c2878a1df56a486c9683220456""}]"
2023-11-23,0xc20a079c7962d9fc92173cda349e80d484dfa42a,General_Trending_Risky,18792,70,4,"[{""name"":""red_alarm"",""value"":""The address was marked as red alarm on: https://dappbay.bnbchain.org/risk-scanner/0xc20a079c7962d9fc92173cda349e80d484dfa42a""}]"
2023-11-23,0x2fdbb4cc126306cfae8c83d8cc763504461c447b,General_Trending_Risky,16691,880,5,"[{""name"":""blacklist"",""value"":""The address is blacklisted based on threat intelligence or manual analysis.""}]"
2023-11-23,0x04f46cdfe8dd348e41902eef1aff19ace1661f4c,General_Trending_Risky,16064,70,4,"[{""name"":""blacklist"",""value"":""The address is blacklisted based on threat intelligence or manual analysis.""}]"
2023-11-23,0xc198c3b7b970cbac315614cf27a1b7eb332048d6,General_Trending_Risky,15534,70,3,"[{""name"":""blacklist"",""value"":""The address is blacklisted based on threat intelligence or manual analysis.""}]"
2023-11-23,0x068579f7d6f8ff03f2ea134d3f8852424d8b0062,General_Trending_Risky,11597,70,4,"[{""name"":""unverified"",""value"":""The contract is unverified which always indicates some potential risks, please be careful of scam or hack risk.""}]"
2023-11-23,0xffe811714ab35360b67ee195ace7c10d93f89d8c,General_Trending_Risky,11340,80,5,"[{""name"":""blacklist"",""value"":""The address is blacklisted based on threat intelligence or manual analysis.""},{""name"":""red_alarm"",""value"":""The address was marked as red alarm on: https://dappbay.bnbchain.org/risk-scanner/0xffe811714ab35360b67ee195ace7c10d93f89d8c""}]"
2023-11-23,0xd516f1437433263ba5a234882fdebc3e4df892e9,General_Trending_Risky,11306,70,3,"[{""name"":""centralization"",""value"":""The contract contains some privileged role function which could mean some centralization risk, please be careful of rugpull risk.""}]"
2023-11-23,0x3df75c76062292d31d342ee73eb626a9a0efa9e6,General_Trending_Risky,10802,70,3,"[{""name"":""mixcoin-related"",""value"":""The address is related to a coin mixer platform such as Tornado.Cash, which could mean some potential risks, please be careful of scam risk.""}]"
2023-11-23,0x25ab3efd52e6470681ce037cd546dc60726948d3,General_Trending_Risky,9831,70,4,"[{""name"":""red_alarm"",""value"":""The address was marked as red alarm on: https://dappbay.bnbchain.org/risk-scanner/0x25ab3efd52e6470681ce037cd546dc60726948d3""}]"
2023-11-23,0xbecfd0bb03b34d973c0ee577d20a7f363a0e2094,General_Trending_Risky,9454,80,5,"[{""name"":""blacklist"",""value"":""The address is blacklisted based on threat intelligence or manual analysis.""},{""name"":""red_alarm"",""value"":""The address was marked as red alarm on: https://dappbay.bnbchain.org/risk-scanner/0xbecfd0bb03b34d973c0ee577d20a7f363a0e2094""}]"
2023-11-23,0xce93f9827813761665ce348e33768cb1875a9704,General_Trending_Risky,9170,80,5,"[{""name"":""blacklist"",""value"":""The address is blacklisted based on threat intelligence or manual analysis.""},{""name"":""red_alarm"",""value"":""The address was marked as red alarm on: https://dappbay.bnbchain.org/risk-scanner/0xce93f9827813761665ce348e33768cb1875a9704""}]"
2023-11-23,0xc0752c6f2a919d4a48eb5037189d55d0c7f67b43,General_Trending_Risky,8998,70,4,"[{""name"":""blacklist"",""value"":""The address is blacklisted based on threat intelligence or manual analysis.""},{""name"":""red_alarm"",""value"":""The address was marked as red alarm on: https://dappbay.bnbchain.org/risk-scanner/0xc0752c6f2a919d4a48eb5037189d55d0c7f67b43""}]"
2023-11-23,0x9a703326e8ac3f2a08fe012f36a1ec8b0d2d47a1,General_Trending_Risky,8903,80,5,"[{""name"":""blacklist"",""value"":""The address is blacklisted based on threat intelligence or manual analysis.""},{""name"":""red_alarm"",""value"":""The address was marked as red alarm on: https://dappbay.bnbchain.org/risk-scanner/0x9a703326e8ac3f2a08fe012f36a1ec8b0d2d47a1""}]"
2023-11-23,0xf466f27fb811ab1572ca67ab438e966910f5d9c1,General_Trending_Risky,8410,70,4,"[{""name"":""red_alarm"",""value"":""The address was marked as red alarm on: https://dappbay.bnbchain.org/risk-scanner/0xf466f27fb811ab1572ca67ab438e966910f5d9c1""}]"
2023-11-23,0x000000000027583d895e5c06b7b9e96762c1e165,General_Trending_Risky,8322,80,5,"[{""name"":""blacklist"",""value"":""The address is blacklisted based on threat intelligence or manual analysis.""},{""name"":""red_alarm"",""value"":""The address was marked as red alarm on: https://dappbay.bnbchain.org/risk-scanner/0x000000000027583d895e5c06b7b9e96762c1e165""}]"
2023-11-23,0x00000000004e660d7929b04626bbf28cbecce534,General_Trending_Risky,8008,80,5,"[{""name"":""blacklist"",""value"":""The address is blacklisted based on threat intelligence or manual analysis.""},{""name"":""red_alarm"",""value"":""The address was marked as red alarm on: https://dappbay.bnbchain.org/risk-scanner/0x00000000004e660d7929b04626bbf28cbecce534""}]"
2023-11-23,0x2bb76ce97bc26b022401570573253863ea644d92,General_Trending_Risky,7682,70,4,"[{""name"":""unverified"",""value"":""The contract is unverified which always indicates some potential risks, please be careful of scam or hack risk.""}]"
2023-11-23,0x50792468ddb3dc2df226039b311d7a1f96c789a1,General_Trending_Risky,7544,70,4,"[{""name"":""unverified"",""value"":""The contract is unverified which always indicates some potential risks, please be careful of scam or hack risk.""}]"
2023-11-23,0x625b02b687ec38f3085af5b108dda410775fa76a,General_Trending_Risky,7295,70,3,"[{""name"":""blacklist"",""value"":""The address is blacklisted based on threat intelligence or manual analysis.""}]"
2023-11-23,0xc632f90affec7121120275610bf17df9963f181c,General_Trending_Risky,7086,70,4,"[{""name"":""blacklist"",""value"":""The address is blacklisted based on threat intelligence or manual analysis.""}]"
2023-11-23,0x2ab0e9e4ee70fff1fb9d67031e44f6410170d00e,General_Trending_Risky,6974,70,4,"[{""name"":""blacklist"",""value"":""The address is blacklisted based on threat intelligence or manual analysis.""},{""name"":""red_alarm"",""value"":""The address was marked as red alarm on: https://dappbay.bnbchain.org/risk-scanner/0x2ab0e9e4ee70fff1fb9d67031e44f6410170d00e""}]"
2023-11-23,0x00000000001f8b68515efb546542397d3293ccfd,General_Trending_Risky,6851,80,5,"[{""name"":""blacklist"",""value"":""The address is blacklisted based on threat intelligence or manual analysis.""},{""name"":""red_alarm"",""value"":""The address was marked as red alarm on: https://dappbay.bnbchain.org/risk-scanner/0x00000000001f8b68515efb546542397d3293ccfd""}]"
2023-11-23,0xd7b1b61aeaeb655d7bd08aa75ac4006776619a35,General_Trending_Risky,6781,70,4,"[{""name"":""blacklist"",""value"":""The address is blacklisted based on threat intelligence or manual analysis.""},{""name"":""red_alarm"",""value"":""The address was marked as red alarm on: https://dappbay.bnbchain.org/risk-scanner/0xd7b1b61aeaeb655d7bd08aa75ac4006776619a35""}]"
2023-11-23,0xce16f69375520ab01377ce7b88f5ba8c48f8d666,General_Trending_Risky,6618,70,4,"[{""name"":""scam"",""value"":""The contract has some scam features such as Ponzi, Honeypot or fake token, please be careful of scam risk.""},{""name"":""behavior-issue"",""value"":""The address is found to be associated with some already known malicious addresses.""}]"
2023-11-23,0x514c2eaf287e58e5cb78da2f9f5a564feddf35a8,General_Trending_Risky,6577,880,5,"[{""name"":""blacklist"",""value"":""The address is blacklisted based on threat intelligence or manual analysis.""}]"
2023-11-23,0x4d1e90ab966ae26c778b2f9f365aa40abb13f53c,General_Trending_Risky,6077,70,4,"[{""name"":""red_alarm"",""value"":""The address was marked as red alarm on: https://dappbay.bnbchain.org/detail/sta""}]"
2023-11-23,0x13fd16538ff8b3aea324bc4d2863eb9ea78e1691,General_Trending_Risky,6030,70,3,"[{""name"":""blacklist"",""value"":""The address is blacklisted based on threat intelligence or manual analysis.""}]"
2023-11-23,0x1ec29c2659b74053c5b8290d6b43b9cbdd09157a,General_Trending_Risky,6000,880,5,"[{""name"":""blacklist"",""value"":""The address is blacklisted based on threat intelligence or manual analysis.""}]"
2023-11-23,0x685bfdd3c2937744c13d7de0821c83191e3027ff,General_Trending_Risky,5876,80,5,"[{""name"":""blacklist"",""value"":""The address is blacklisted based on threat intelligence or manual analysis.""},{""name"":""red_alarm"",""value"":""The address was marked as red alarm on: https://dappbay.bnbchain.org/risk-scanner/0x685bfdd3c2937744c13d7de0821c83191e3027ff""}]"
2023-11-23,0x3ab7014d0e896a8e486fbf5bc590eeb93d6f44bf,General_Trending_Risky,5785,70,4,"[{""name"":""centralization"",""value"":""The contract contains some privileged role function which could mean some centralization risk, please be careful of rugpull risk.""},{""name"":""scam"",""value"":""The contract has some scam features such as Ponzi, Honeypot or fake token, please be careful of scam risk.""}]"
2023-11-23,0xfc46b09bf98858b08c5c5deeb5c19e609fabd398,General_Trending_Risky,5689,80,5,"[{""name"":""blacklist"",""value"":""The address is blacklisted based on threat intelligence or manual analysis.""},{""name"":""red_alarm"",""value"":""The address was marked as red alarm on: https://dappbay.bnbchain.org/risk-scanner/0xfc46b09bf98858b08c5c5deeb5c19e609fabd398""}]"
2023-11-23,0x8c1e4b8aea59921889fbe7b68b2ae06e2dd2a7a1,General_Trending_Risky,5524,80,5,"[{""name"":""blacklist"",""value"":""The address is blacklisted based on threat intelligence or manual analysis.""},{""name"":""red_alarm"",""value"":""The address was marked as red alarm on: https://dappbay.bnbchain.org/risk-scanner/0x8c1e4b8aea59921889fbe7b68b2ae06e2dd2a7a1""}]"
2023-11-23,0x3065cd33559d5dc56b9b167d9485f5361da37faa,General_Trending_Risky,5454,70,4,"[{""name"":""blacklist"",""value"":""The address is blacklisted based on threat intelligence or manual analysis.""},{""name"":""red_alarm"",""value"":""The address was marked as red alarm on: https://dappbay.bnbchain.org/risk-scanner/0x3065cd33559d5dc56b9b167d9485f5361da37faa""}]"
2023-11-23,0x066aee69d93dee28b32a57febd1878a2d94f6b0c,General_Trending_Risky,5387,80,5,"[{""name"":""blacklist"",""value"":""The address is blacklisted based on threat intelligence or manual analysis.""},{""name"":""red_alarm"",""value"":""The address was marked as red alarm on: https://dappbay.bnbchain.org/risk-scanner/0x066aee69d93dee28b32a57febd1878a2d94f6b0c""}]"
2023-11-23,0x1be83d1e44bc76b1136bf395611a76da9edda61a,General_Trending_Risky,5368,70,3,"[{""name"":""centralization"",""value"":""The contract contains some privileged role function which could mean some centralization risk, please be careful of rugpull risk.""},{""name"":""scam"",""value"":""The contract has some scam features such as Ponzi, Honeypot or fake token, please be careful of scam risk.""}]"
2023-11-23,0x1c73c9a44b3023134f7eac7ab30e9ab5a4615a76,General_Trending_Risky,5325,80,5,"[{""name"":""blacklist"",""value"":""The address is blacklisted based on threat intelligence or manual analysis.""},{""name"":""red_alarm"",""value"":""The address was marked as red alarm on: https://dappbay.bnbchain.org/risk-scanner/0x1c73c9a44b3023134f7eac7ab30e9ab5a4615a76""}]"
2023-11-23,0xc92962f4c20ce9dd3181042074f3c5776a3e22dd,General_Trending_Risky,5288,70,4,"[{""name"":""blacklist"",""value"":""The address is blacklisted based on threat intelligence or manual analysis.""},{""name"":""red_alarm"",""value"":""The address was marked as red alarm on: https://dappbay.bnbchain.org/risk-scanner/0xc92962f4c20ce9dd3181042074f3c5776a3e22dd""}]"
2023-11-23,0x0000000000f83bf708c3e3bd57f24411f6fc67f5,General_Trending_Risky,5160,80,5,"[{""name"":""blacklist"",""value"":""The address is blacklisted based on threat intelligence or manual analysis.""},{""name"":""red_alarm"",""value"":""The address was marked as red alarm on: https://dappbay.bnbchain.org/risk-scanner/0x0000000000f83bf708c3e3bd57f24411f6fc67f5""}]"
2023-11-23,0xf5c040b0a1a575e24181f5a1a37e2ea496473347,General_Trending_Risky,5149,880,5,"[{""name"":""blacklist"",""value"":""The address is blacklisted based on threat intelligence or manual analysis.""}]"
2023-11-23,0xabe776435f7459e2f5ba773bfb753ed19a053dd0,General_Trending_Risky,4703,70,4,"[{""name"":""blacklist"",""value"":""The address is blacklisted based on threat intelligence or manual analysis.""},{""name"":""red_alarm"",""value"":""The address was marked as red alarm on: https://dappbay.bnbchain.org/risk-scanner/0xabe776435f7459e2f5ba773bfb753ed19a053dd0""}]"
2023-11-23,0x0000000000f73a9daf39d74d785f5886bfbae81b,General_Trending_Risky,4266,80,5,"[{""name"":""blacklist"",""value"":""The address is blacklisted based on threat intelligence or manual analysis.""},{""name"":""red_alarm"",""value"":""The address was marked as red alarm on: https://dappbay.bnbchain.org/risk-scanner/0x0000000000f73a9daf39d74d785f5886bfbae81b""}]"
2023-11-23,0xe341f30ea040bf3691aa069b8c5c213f72676421,General_Trending_Risky,3832,70,4,"[{""name"":""scam"",""value"":""The contract has some scam features such as Ponzi, Honeypot or fake token, please be careful of scam risk.""},{""name"":""red_alarm"",""value"":""The address was marked as red alarm on: https://dappbay.bnbchain.org/risk-scanner/0xe341f30ea040bf3691aa069b8c5c213f72676421""}]"
2023-11-23,0xf4a510a6b294a656f0afc2eed3f2868965c57bb1,General_Trending_Risky,3661,70,4,"[{""name"":""red_alarm"",""value"":""The address was marked as red alarm on: https://dappbay.bnbchain.org/risk-scanner/0xf4a510a6b294a656f0afc2eed3f2868965c57bb1""}]"
2023-11-23,0xcf3b7a1e07d701b76d9f0569b03ec3b30c24d30b,General_Trending_Risky,3636,880,5,"[{""name"":""blacklist"",""value"":""The address is blacklisted based on threat intelligence or manual analysis.""}]"
2023-11-23,0xd7031e2b1850340cc668ffae5f11e6f9e2046c2f,General_Trending_Risky,3636,880,5,"[{""name"":""blacklist"",""value"":""The address is blacklisted based on threat intelligence or manual analysis.""}]"
2023-11-23,0x0000000519ae2727ccd6d3c00c00a76473a002ce,General_Trending_Risky,3626,80,5,"[{""name"":""blacklist"",""value"":""The address is blacklisted based on threat intelligence or manual analysis.""},{""name"":""red_alarm"",""value"":""The address was marked as red alarm on: https://dappbay.bnbchain.org/risk-scanner/0x0000000519ae2727ccd6d3c00c00a76473a002ce""}]"
2023-11-23,0x5ff8f2d4c416bef7a338f8d7e52d5f2803459d67,General_Trending_Risky,3568,70,4,"[{""name"":""red_alarm"",""value"":""The address was marked as red alarm on: https://dappbay.bnbchain.org/risk-scanner/0x5ff8f2d4c416bef7a338f8d7e52d5f2803459d67""}]"
2023-11-23,0x00000d2352778072003b8708860d0ba86bf568ca,General_Trending_Risky,3415,70,3,"[{""name"":""centralization"",""value"":""The contract contains some privileged role function which could mean some centralization risk, please be careful of rugpull risk.""},{""name"":""scam"",""value"":""The contract has some scam features such as Ponzi, Honeypot or fake token, please be careful of scam risk.""},{""name"":""blacklist"",""value"":""The address is blacklisted based on threat intelligence or manual analysis.""}]"
2023-11-23,0x9a48bdfc63152c6eeeedbe503dda9eac9ff9460b,General_Trending_Risky,3379,70,4,"[{""name"":""unverified"",""value"":""The contract is unverified which always indicates some potential risks, please be careful of scam or hack risk.""}]"
2023-11-23,0x22dcf18fda7eb5e1fed0a53568d702de8107f638,General_Trending_Risky,3317,80,5,"[{""name"":""blacklist"",""value"":""The address is blacklisted based on threat intelligence or manual analysis.""},{""name"":""red_alarm"",""value"":""The address was marked as red alarm on: https://dappbay.bnbchain.org/risk-scanner/0x22dcf18fda7eb5e1fed0a53568d702de8107f638""}]"
2023-11-23,0xaac3ec1c9ab815ae95536c7b3491ebcc9cccde66,General_Trending_Risky,3317,80,5,"[{""name"":""blacklist"",""value"":""The address is blacklisted based on threat intelligence or manual analysis.""},{""name"":""red_alarm"",""value"":""The address was marked as red alarm on: https://dappbay.bnbchain.org/risk-scanner/0xaac3ec1c9ab815ae95536c7b3491ebcc9cccde66""}]"
2023-11-23,0xafa97b96325aa5595061018f6aa3f64c612a83d9,General_Trending_Risky,3113,70,4,"[{""name"":""red_alarm"",""value"":""The address was marked as red alarm on: https://dappbay.bnbchain.org/risk-scanner/0xafa97b96325aa5595061018f6aa3f64c612a83d9""}]"
2023-11-23,0xa4958e0660cce1b58b8c623bebaabf0959e9c1a3,General_Trending_Risky,2871,70,3,"[{""name"":""scam"",""value"":""The contract has some scam features such as Ponzi, Honeypot or fake token, please be careful of scam risk.""}]"
2023-11-23,0x08bb1e4576bc70866079e860e33f229c06805810,General_Trending_Risky,2871,70,4,"[{""name"":""centralization"",""value"":""The contract contains some privileged role function which could mean some centralization risk, please be careful of rugpull risk.""},{""name"":""scam"",""value"":""The contract has some scam features such as Ponzi, Honeypot or fake token, please be careful of scam risk.""}]"
2023-11-23,0x65efb57c57c0b870f378ba08ee6ba305ca14491f,General_Trending_Risky,2805,80,5,"[{""name"":""blacklist"",""value"":""The address is blacklisted based on threat intelligence or manual analysis.""},{""name"":""red_alarm"",""value"":""The address was marked as red alarm on: https://dappbay.bnbchain.org/risk-scanner/0x65efb57c57c0b870f378ba08ee6ba305ca14491f""}]"
2023-11-23,0x4fe59adcf621489ced2d674978132a54d432653a,General_Trending_Risky,2745,80,5,"[{""name"":""blacklist"",""value"":""The address is blacklisted based on threat intelligence or manual analysis.""},{""name"":""red_alarm"",""value"":""The address was marked as red alarm on: https://dappbay.bnbchain.org/risk-scanner/0x4fe59adcf621489ced2d674978132a54d432653a""}]"
2023-11-23,0xb591bcf80709b8a2010bff334ffe1f79bc4ce615,General_Trending_Risky,2687,70,4,"[{""name"":""blacklist"",""value"":""The address is blacklisted based on threat intelligence or manual analysis.""},{""name"":""red_alarm"",""value"":""The address was marked as red alarm on: https://dappbay.bnbchain.org/risk-scanner/0xb591bcf80709b8a2010bff334ffe1f79bc4ce615""}]"
2023-11-23,0x6225bb23ee641d92e9b075aa88df94c528e8dc35,General_Trending_Risky,2624,70,4,"[{""name"":""unverified"",""value"":""The contract is unverified which always indicates some potential risks, please be careful of scam or hack risk.""}]"
2023-11-23,0x0142599919b09c5afeff678ed805e1470904128f,General_Trending_Risky,2549,70,4,"[{""name"":""centralization"",""value"":""The contract contains some privileged role function which could mean some centralization risk, please be careful of rugpull risk.""},{""name"":""scam"",""value"":""The contract has some scam features such as Ponzi, Honeypot or fake token, please be careful of scam risk.""}]"
2023-11-23,0x12bb890508c125661e03b09ec06e404bc9289040,General_Trending_Risky,2428,70,3,"[{""name"":""blacklist"",""value"":""The address is blacklisted based on threat intelligence or manual analysis.""}]"
2023-11-23,0xeb40ba5d15ecf3e25868df1219b191a974475d58,General_Trending_Risky,2335,70,4,"[{""name"":""unverified"",""value"":""The contract is unverified which always indicates some potential risks, please be careful of scam or hack risk.""}]"
2023-11-23,0xcebef3df1f3c5bfd90fde603e71f31a53b11944d,General_Trending_Risky,2321,70,3,"[{""name"":""blacklist"",""value"":""The address is blacklisted based on threat intelligence or manual analysis.""}]"
2023-11-23,0xc1f024ddc894b00b3e5ff2396ff2cd6ed2fc53d6,General_Trending_Risky,2202,70,4,"[{""name"":""blacklist"",""value"":""The address is blacklisted based on threat intelligence or manual analysis.""},{""name"":""red_alarm"",""value"":""The address was marked as red alarm on: https://dappbay.bnbchain.org/risk-scanner/0xc1f024ddc894b00b3e5ff2396ff2cd6ed2fc53d6""}]"
2023-11-23,0x4967f92a7692a5e869025a6233093f8b4bf373c4,General_Trending_Risky,2145,70,3,"[{""name"":""centralization"",""value"":""The contract contains some privileged role function which could mean some centralization risk, please be careful of rugpull risk.""},{""name"":""scam"",""value"":""The contract has some scam features such as Ponzi, Honeypot or fake token, please be careful of scam risk.""}]"
2023-11-23,0x1f1c90aeb2fd13ea972f0a71e35c0753848e3db0,General_Trending_Risky,2114,70,4,"[{""name"":""blacklist"",""value"":""The address is blacklisted based on threat intelligence or manual analysis.""}]"
2023-11-23,0x90006347070838f0fcbb33dc732b2c7b48d1a784,General_Trending_Risky,2097,70,4,"[{""name"":""blacklist"",""value"":""The address is blacklisted based on threat intelligence or manual analysis.""},{""name"":""red_alarm"",""value"":""The address was marked as red alarm on: https://dappbay.bnbchain.org/risk-scanner/0x90006347070838f0fcbb33dc732b2c7b48d1a784""}]"
2023-11-23,0x9767c8e438aa18f550208e6d1fdf5f43541cc2c8,General_Trending_Risky,2081,70,4,"[{""name"":""blacklist"",""value"":""The address is blacklisted based on threat intelligence or manual analysis.""},{""name"":""red_alarm"",""value"":""The address was marked as red alarm on: https://dappbay.bnbchain.org/detail/mango-man-intelligent""}]"
2023-11-23,0xb1d4e33dd4aa6204bc8aae340b67455a662f038a,General_Trending_Risky,2068,70,4,"[{""name"":""red_alarm"",""value"":""The address was marked as red alarm on: https://dappbay.bnbchain.org/risk-scanner/0xb1d4e33dd4aa6204bc8aae340b67455a662f038a""}]"
2023-11-23,0xd0d8c547fce1a742399eed396a6eea60d4222c3c,General_Trending_Risky,2049,70,4,"[{""name"":""centralization"",""value"":""The contract contains some privileged role function which could mean some centralization risk, please be careful of rugpull risk.""},{""name"":""scam"",""value"":""The contract has some scam features such as Ponzi, Honeypot or fake token, please be careful of scam risk.""}]"
2023-11-23,0x2115e72da35ff4daa29a19964032476cdf46d644,General_Trending_Risky,2041,70,3,"[{""name"":""scam"",""value"":""The contract has some scam features such as Ponzi, Honeypot or fake token, please be careful of scam risk.""}]"
2023-11-23,0xf5592f1a8f32be149541fcba55c2374becdef364,General_Trending_Risky,1953,70,3,"[{""name"":""centralization"",""value"":""The contract contains some privileged role function which could mean some centralization risk, please be careful of rugpull risk.""}]"
2023-11-23,0x20f663cea80face82acdfa3aae6862d246ce0333,General_Trending_Risky,1940,70,4,"[{""name"":""blacklist"",""value"":""The address is blacklisted based on threat intelligence or manual analysis.""},{""name"":""red_alarm"",""value"":""The address was marked as red alarm on: https://dappbay.bnbchain.org/detail/drip""}]"
2023-11-23,0x111120a4cfacf4c78e0d6729274fd5a5ae2b1111,General_Trending_Risky,1916,70,4,"[{""name"":""red_alarm"",""value"":""The address was marked as red alarm on: https://dappbay.bnbchain.org/risk-scanner/0x111120a4cfacf4c78e0d6729274fd5a5ae2b1111""}]"
2023-11-23,0xb86126b872e3f23bc62d6a4a3152ec65202a2073,General_Trending_Risky,1825,70,4,"[{""name"":""red_alarm"",""value"":""The address was marked as red alarm on: https://dappbay.bnbchain.org/risk-scanner/0xb86126b872e3f23bc62d6a4a3152ec65202a2073""}]"
2023-11-23,0xac7234f310e629199c25d7da7bff6fb3c6e12b4f,General_Trending_Risky,1805,70,3,"[{""name"":""centralization"",""value"":""The contract contains some privileged role function which could mean some centralization risk, please be careful of rugpull risk.""}]"
2023-11-23,0x5a87771c0522191ed915fb669b04470d801fae1c,General_Trending_Risky,1726,70,3,"[{""name"":""scam"",""value"":""The contract has some scam features such as Ponzi, Honeypot or fake token, please be careful of scam risk.""}]"
2023-11-23,0xa4838122c683f732289805fc3c207febd55babdd,General_Trending_Risky,1711,70,4,"[{""name"":""blacklist"",""value"":""The address is blacklisted based on threat intelligence or manual analysis.""},{""name"":""red_alarm"",""value"":""The address was marked as red alarm on: https://dappbay.bnbchain.org/risk-scanner/0xa4838122c683f732289805fc3c207febd55babdd""}]"
2023-11-23,0x684d041293a10dbf6ff6ee6b4f5bee56513cc3f4,General_Trending_Risky,1692,70,3,"[{""name"":""scam"",""value"":""The contract has some scam features such as Ponzi, Honeypot or fake token, please be careful of scam risk.""}]"
2023-11-23,0xf3c1f7d48c2696e8756f976b113e7d1ddccd87df,General_Trending_Risky,1657,80,5,"[{""name"":""blacklist"",""value"":""The address is blacklisted based on threat intelligence or manual analysis.""},{""name"":""red_alarm"",""value"":""The address was marked as red alarm on: https://dappbay.bnbchain.org/risk-scanner/0xf3c1f7d48c2696e8756f976b113e7d1ddccd87df""}]"
2023-11-23,0xd691d9a68c887bdf34da8c36f63487333acfd103,General_Trending_Risky,1652,70,4,"[{""name"":""whitelist"",""value"":""The address is whitelisted based on threat intelligence or manual analysis.""},{""name"":""red_alarm"",""value"":""The address was marked as red alarm on: https://dappbay.bnbchain.org/risk-scanner/0xd691d9a68c887bdf34da8c36f63487333acfd103""}]"
2023-11-23,0x9e21f54d5b6b70f8b405bd3c3d6d0e4f49e88888,General_Trending_Risky,1624,70,3,"[{""name"":""centralization"",""value"":""The contract contains some privileged role function which could mean some centralization risk, please be careful of rugpull risk.""}]"
2023-11-23,0x51836a753e344257b361519e948ffcaf5fb8d521,General_Trending_Risky,1607,880,5,"[{""name"":""blacklist"",""value"":""The address is blacklisted based on threat intelligence or manual analysis.""}]"
2023-11-23,0x33b48893b8f119fb45f431b36f830a9584804201,General_Trending_Risky,1591,70,4,"[{""name"":""red_alarm"",""value"":""The address was marked as red alarm on: https://dappbay.bnbchain.org/risk-scanner/0x33b48893b8f119fb45f431b36f830a9584804201""}]"
2023-11-23,0x89f73b9acab8debfb04ce5e148c9814245462b91,General_Trending_Risky,1586,70,3,"[{""name"":""centralization"",""value"":""The contract contains some privileged role function which could mean some centralization risk, please be careful of rugpull risk.""}]"
2023-11-23,0x9dc6eb371cebb28e3c85e800150a7ec9090b9ca0,General_Trending_Risky,1517,70,3,"[{""name"":""centralization"",""value"":""The contract contains some privileged role function which could mean some centralization risk, please be careful of rugpull risk.""}]"
2023-11-23,0x320f6c1304e1a2a50a0febb62ba6a9700043d152,General_Trending_Risky,1502,70,3,"[{""name"":""scam"",""value"":""The contract has some scam features such as Ponzi, Honeypot or fake token, please be careful of scam risk.""}]"
2023-11-23,0xb0fb5739da1198329b0241cb6721da22805cbecc,General_Trending_Risky,1489,80,5,"[{""name"":""blacklist"",""value"":""The address is blacklisted based on threat intelligence or manual analysis.""},{""name"":""red_alarm"",""value"":""The address was marked as red alarm on: https://dappbay.bnbchain.org/risk-scanner/0xb0fb5739da1198329b0241cb6721da22805cbecc""}]"
2023-11-23,0x4691937a7508860f876c9c0a2a617e7d9e945d4b,General_Trending_Risky,1458,70,3,"[{""name"":""blacklist"",""value"":""The address is blacklisted based on threat intelligence or manual analysis.""}]"
2023-11-23,0x8dd2ed8ef7b9c1601ef1a6c8dc8f84be07ef143c,General_Trending_Risky,1450,70,4,"[{""name"":""mixcoin-related"",""value"":""The address is related to a coin mixer platform such as Tornado.Cash, which could mean some potential risks, please be careful of scam risk.""},{""name"":""unverified"",""value"":""The contract is unverified which always indicates some potential risks, please be careful of scam or hack risk.""}]"
2023-11-23,0x9f8a75436e7e808f3fb348182e0ea42d2dd467cd,General_Trending_Risky,1447,70,3,"[{""name"":""blacklist"",""value"":""The address is blacklisted based on threat intelligence or manual analysis.""}]"
2023-11-23,0xba509bdb71a29301860800e13867b59b461747af,Top_TVL_Risky_Pool,61077,70,4,
2023-11-23,0x75ca521892de7f2ecfb070cab545c250d0ceb7e3,Top_TVL_Risky_Pool,34237,70,4,
2023-11-23,0x04f46cdfe8dd348e41902eef1aff19ace1661f4c,Top_TVL_Risky_Pool,15136,70,4,
2023-11-23,0xc632f90affec7121120275610bf17df9963f181c,Top_TVL_Risky_Pool,8035,70,4,
2023-11-23,0x3ab7014d0e896a8e486fbf5bc590eeb93d6f44bf,Top_TVL_Risky_Pool,6251,70,4,
2023-11-23,0x4d1e90ab966ae26c778b2f9f365aa40abb13f53c,Top_TVL_Risky_Pool,5883,70,4,
2023-11-23,0x066aee69d93dee28b32a57febd1878a2d94f6b0c,Top_TVL_Risky_Pool,5212,80,5,
2023-11-23,0xabe776435f7459e2f5ba773bfb753ed19a053dd0,Top_TVL_Risky_Pool,4799,70,4,
2023-11-23,0x9767c8e438aa18f550208e6d1fdf5f43541cc2c8,Top_TVL_Risky_Pool,2219,70,4,
2023-11-23,0x111120a4cfacf4c78e0d6729274fd5a5ae2b1111,Top_TVL_Risky_Pool,2135,70,4,
2023-11-23,0xb1d4e33dd4aa6204bc8aae340b67455a662f038a,Top_TVL_Risky_Pool,1948,70,4,
2023-11-23,0xb86126b872e3f23bc62d6a4a3152ec65202a2073,Top_TVL_Risky_Pool,1883,70,4,
2023-11-23,0x20f663cea80face82acdfa3aae6862d246ce0333,Top_TVL_Risky_Pool,1873,70,4,
2023-11-23,0x1f1c90aeb2fd13ea972f0a71e35c0753848e3db0,Top_TVL_Risky_Pool,1832,70,4,
2023-11-23,0x73fbd93bfda83b111ddc092aa3a4ca77fd30d380,Top_TVL_Risky_Pool,1732,70,4,
2023-11-23,0xa4838122c683f732289805fc3c207febd55babdd,Top_TVL_Risky_Pool,1631,70,4,
2023-11-23,0x82030cdbd9e4b7c5bb0b811a61da6360d69449cc,Top_TVL_Risky_Pool,1343,70,4,
2023-11-23,0xbcb24afb019be7e93ea9c43b7e22bb55d5b7f45d,Top_TVL_Risky_Pool,1059,70,4,
2023-11-23,0x83d3c2d1a55687498df6800c5f173ec6a7556089,Top_TVL_Risky_Pool,1039,70,4,
2023-11-23,0x6d6ba21e4c4b29ca7bfa1c344ba1e35b8dae7205,Top_TVL_Risky_Pool,954,70,4,
2023-11-23,0x77087ab5df23cfb52449a188e80e9096201c2097,Top_TVL_Risky_Pool,757,70,4,
2023-11-23,0x5b6bf0c7f989de824677cfbd507d9635965e9cd3,Top_TVL_Risky_Pool,711,70,4,
2023-11-23,0xd983ab71a284d6371908420d8ac6407ca943f810,Top_TVL_Risky_Pool,642,70,4,
2023-11-23,0xc9882def23bc42d53895b8361d0b1edc7570bc6a,Top_TVL_Risky_Pool,603,70,4,
2023-11-23,0x724f8ebae58f19bc472ae57b4b24748a9f3e55c5,Top_TVL_Risky_Pool,582,70,4,
2023-11-23,0x1a97b0cf1efb5228027dd782ed5d82c901694042,Top_TVL_Risky_Pool,578,70,4,
2023-11-23,0xbededdf2ef49e87037c4fb2ca34d1ff3d3992a11,Top_TVL_Risky_Pool,557,70,4,
2023-11-23,0x60322971a672b81bcce5947706d22c19daecf6fb,Top_TVL_Risky_Pool,538,70,4,
2023-11-23,0xac68931b666e086e9de380cfdb0fb5704a35dc2d,Top_TVL_Risky_Pool,517,70,4,
2023-11-23,0x1bec5734b1e4559979158052dfa5c6f0156282f2,Top_TVL_Risky_Pool,514,70,4,
2023-11-23,0xbe96fcf736ad906b1821ef74a0e4e346c74e6221,Top_TVL_Risky_Pool,428,70,4,
2023-11-23,0x9e9bef94795bfe87a11a0369b4e0c3b60a6fcf2b,Top_TVL_Risky_Pool,417,80,5,
2023-11-23,0xa68c9c2c39176b3ee9f6359b68e853893c6ddc5a,Top_TVL_Risky_Pool,413,70,4,
2023-11-23,0xeecd101725b89b66f3e04f953ae0bb647c23fb8d,Top_TVL_Risky_Pool,401,70,4,
2023-11-23,0x198271b868dae875bfea6e6e4045cdda5d6b9829,Top_TVL_Risky_Pool,397,70,4,
2023-11-23,0x3a5a376aa10c46f6dc03e64839985131517d79bb,Top_TVL_Risky_Pool,392,70,4,
2023-11-23,0x4238e5ccc619dcc8c00ade4cfc5d3d9020b24898,Top_TVL_Risky_Pool,387,70,4,
2023-11-23,0xe4fae3faa8300810c835970b9187c268f55d998f,Top_TVL_Risky_Pool,381,70,4,
2023-11-23,0x0a4e1bdfa75292a98c15870aef24bd94bffe0bd4,Top_TVL_Risky_Pool,337,70,4,
2023-11-23,0x1633b7157e7638c4d6593436111bf125ee74703f,Top_TVL_Risky_Pool,330,70,4,
2023-11-23,0x83f41c98d028842ccc8060b4ec7738df3eb9a2e6,Top_TVL_Risky_Pool,326,70,4,
2023-11-23,0x11ac6af070fe1991a457c56fb85c577efe57f0e4,Top_TVL_Risky_Pool,298,70,4,
2023-11-23,0x679d5b2d94f454c950d683d159b87aa8eae37c9e,Top_TVL_Risky_Pool,280,70,4,
2023-11-23,0x5f320c3b8f82acfe8f2bb1c85d63aa66a7ff524f,Top_TVL_Risky_Pool,273,70,4,
2023-11-23,0x8772eb993841c335185afc1a55c1d9347099e2e9,Top_TVL_Risky_Pool,272,70,4,
2023-11-23,0x3ad9594151886ce8538c1ff615efa2385a8c3a88,Top_TVL_Risky_Pool,265,70,4,
2023-11-23,0x038a90bacf4598f7d03bd567761eb7d986611311,Top_TVL_Risky_Pool,264,70,4,
2023-11-23,0x02ff5065692783374947393723dba9599e59f591,Top_TVL_Risky_Pool,254,70,4,
2023-11-23,0x54523d5fb56803bac758e8b10b321748a77ae9e9,Top_TVL_Risky_Pool,246,70,4,
2023-11-23,0x872a34ebb2d54af86827810eebc7b9dc6b2144aa,Top_TVL_Risky_Pool,234,70,4,
2023-11-23,0x71c20e781c623c022134713ef7f78aacf0109849,Top_TVL_Risky_Pool,226,70,4,
2023-11-23,0x7a9c8d33963aecca9a821802adfaf5bd9392351f,Top_TVL_Risky_Pool,224,70,4,
2023-11-23,0x8076c74c5e3f5852037f31ff0093eeb8c8add8d3,Top_TVL_Risky_Pool,219,70,4,
2023-11-23,0x86a53fcd199212fea44fa7e16eb1f28812be911d,Top_TVL_Risky_Pool,209,70,4,
2023-11-23,0x9a3321e1acd3b9f6debee5e042dd2411a1742002,Top_TVL_Risky_Pool,206,70,4,
2023-11-23,0x7645444525bb2bd69ad23db57d3fc7b4fe3cda31,Top_TVL_Risky_Pool,201,70,4,
2023-11-23,0x8624b3a4f29620390d06286df207f6791c243389,Top_TVL_Risky_Pool,192,70,4,
2023-11-23,0xed470f8deef3b19b91d00d821f0207e9f2310225,Top_TVL_Risky_Pool,185,70,4,
2023-11-23,0x7bd6fabd64813c48545c9c0e312a0099d9be2540,Top_TVL_Risky_Pool,169,70,4,
2023-11-23,0x2cd96e8c3ff6b5e01169f6e3b61d28204e7810bb,Top_TVL_Risky_Pool,168,70,4,
2023-11-23,0x94db03752342bc9b5bbf89e3bf0132494f0cb2b3,Top_TVL_Risky_Pool,165,70,4,
2023-11-23,0x2a9718deff471f3bb91fa0eceab14154f150a385,Top_TVL_Risky_Pool,159,70,4,
2023-11-23,0x16e79e09b3b56bcbba83667aff88dc6ca727af2e,Top_TVL_Risky_Pool,152,70,4,
2023-11-23,0x45289007706e7ee7b42b1fa506661d97740edfb4,Top_TVL_Risky_Pool,151,70,4,
2023-11-23,0x9fb9a33956351cf4fa040f65a13b835a3c8764e3,Top_TVL_Risky_Pool,144,70,4,
2023-11-23,0x485d37ca1c8d4e0b5b11b87604816a4843c079ed,Top_TVL_Risky_Pool,140,70,4,
2023-11-23,0x8005d97e993668a528008d16338b42f9e976ed0f,Top_TVL_Risky_Pool,138,70,4,
2023-11-23,0xfea292e5ea4510881bdb840e3cec63abd43f936f,Top_TVL_Risky_Pool,136,70,4,
2023-11-23,0x808f1350dff684c099f4837a01d863fc61a86bc6,Top_TVL_Risky_Pool,134,70,4,
2023-11-23,0x631c2f0edabac799f07550aee4ff0bf7fd35212b,Top_TVL_Risky_Pool,130,70,4,
2023-11-23,0x61b83edf87ea662c695439a807c386455c9e797c,Top_TVL_Risky_Pool,124,70,4,
2023-11-23,0x641ec142e67ab213539815f67e4276975c2f8d50,Top_TVL_Risky_Pool,121,70,4,
2023-11-23,0x28ce223853d123b52c74439b10b43366d73fd3b5,Top_TVL_Risky_Pool,117,70,4,
2023-11-23,0x1785113910847770290f5f840b4c74fc46451201,Top_TVL_Risky_Pool,116,70,4,
2023-11-23,0x624b9b1ac0fb350aed8389a51b26e36147e158c3,Top_TVL_Risky_Pool,115,70,4,
2023-11-23,0x71cce0035d82c21cf4b908bcd8f1117fff0fa623,Top_TVL_Risky_Pool,115,70,4,
2023-11-23,0x85e43bf8faaf04ceddcd03d6c07438b72606a988,Top_TVL_Risky_Pool,114,70,4,
2023-11-23,0xadcfc6bf853a0a8ad7f9ff4244140d10cf01363c,Top_TVL_Risky_Pool,112,70,4,
2023-11-23,0xb25583e5e2db32b7fcbffe3f5e8e305c36157e54,Top_TVL_Risky_Pool,106,70,4,
2023-11-23,0xc31936f28f2b6975fe17b87df467dd432d51890d,Top_TVL_Risky_Pool,106,70,4,
2023-11-23,0x6cf271270662be1c4fc1b7bb7d7d7fc60cc19125,Top_TVL_Risky_Pool,101,70,4,
2023-11-23,0x1236a887ef31b4d32e1f0a2b5e4531f52cec7e75,Top_TVL_Risky_Pool,98,70,4,
2023-11-23,0xf4341fa52669cea0c1836095529a7e9b04b8b88d,Top_TVL_Risky_Pool,96,70,4,
2023-11-23,0x926ecc7687fcfb296e97a2b4501f41a6f5f8c214,Top_TVL_Risky_Pool,95,70,4,
2023-11-23,0xaecf6d1aff214fef70042740054f0f6d0caa98ab,Top_TVL_Risky_Pool,89,70,4,
2023-11-23,0x93023f1d3525e273f291b6f76d2f5027a39bf302,Top_TVL_Risky_Pool,89,70,4,
2023-11-23,0x799e1cf88a236e42b4a87c544a22a94ae95a6910,Top_TVL_Risky_Pool,88,70,4,
2023-11-23,0xb84cbbf09b3ed388a45cd875ebba41a20365e6e7,Top_TVL_Risky_Pool,86,70,4,
2023-11-23,0x5b8650cd999b23cf39ab12e3213fbc8709c7f5cb,Top_TVL_Risky_Pool,85,70,4,
2023-11-23,0x9f8bb16f49393eea4331a39b69071759e54e16ea,Top_TVL_Risky_Pool,85,70,4,
2023-11-23,0x30e66008546e272243e122c781042a0d2822ca70,Top_TVL_Risky_Pool,84,70,4,
2023-11-23,0xab287e6d370c61f105630e656b5468acb4d00423,Top_TVL_Risky_Pool,82,70,4,
2023-11-23,0x014a087b646bd90e7dcead3993f49eb1f4b5f30a,Top_TVL_Risky_Pool,81,70,4,
2023-11-23,0x9a2478c4036548864d96a97fbf93f6a3341fedac,Top_TVL_Risky_Pool,81,70,4,
2023-11-23,0x7db5af2b9624e1b3b4bb69d6debd9ad1016a58ac,Top_TVL_Risky_Pool,81,70,4,
2023-11-23,0x066cda0cca84e9c6ed0a4ecb92aa036a9582544b,Top_TVL_Risky_Pool,80,70,4,
2023-11-23,0x69c2fcae7e30b429166bd616a322e32bec036bcf,Top_TVL_Risky_Pool,78,70,4,
2023-11-23,0x9dfee72aea65dc7e375d50ea2bd90384313a165a,Top_TVL_Risky_Pool,76,70,4,
2023-11-23,0x0dfcb45eae071b3b846e220560bbcdd958414d78,Top_TVL_Risky_Pool,76,70,4,
2023-11-23,0x000000000482aa9817645c3d56aa2230f6573532,Top_TVL_Risky_Pool,75,80,5,
2023-11-23,0x72eb7ca07399ec402c5b7aa6a65752b6a1dc0c27,Top_TVL_Risky_Pool,75,70,4,
2023-11-23,0x78a499a998bdd5a84cf8b5abe49100d82de12f1c,Top_TVL_Risky_Pool,73,70,4,
2023-11-23,0x7b3edf04a85556a85c68f270c0878544040ccf2a,Top_TVL_Risky_Pool,70,70,4,
2023-11-23,0xe5ba47fd94cb645ba4119222e34fb33f59c7cd90,Top_TVL_Risky_Pool,70,70,4,
2023-11-23,0x317c8971d88e749504cef345fbc69c65258501db,Top_TVL_Risky_Pool,66,70,4,
2023-11-23,0x29c55f1b02a95f0b30e61976835a3eee2359ad92,Top_TVL_Risky_Pool,63,80,5,
2023-11-23,0xbcb3f0ee92c65c0ec86755b36197a5d7e60dd8e6,Top_TVL_Risky_Pool,63,70,4,
2023-11-23,0x6a684b3578f5b07c0aa02fafc33ed248ae0c2db2,Top_TVL_Risky_Pool,61,70,4,
2023-11-23,0x57ca2436f9f54f4909a521e24768e21e322cae88,Top_TVL_Risky_Pool,61,70,4,
2023-11-23,0xacb8f52dc63bb752a51186d1c55868adbffee9c1,Top_TVL_Risky_Pool,60,70,4,
2023-11-23,0x80f2c1e25391bbe615ef1f5ce82297fb0a624cb7,Top_TVL_Risky_Pool,58,70,4,
2023-11-23,0x32f1518baace69e85b9e5ff844ebd617c52573ac,Top_TVL_Risky_Pool,58,70,4,
2023-11-23,0xb56554296bc11afc98847914254a2beb82ba2bed,Top_TVL_Risky_Pool,58,70,4,
2023-11-23,0xee246aa7e2ecf136466c6fe4808f395861c6a04e,Top_TVL_Risky_Pool,56,70,4,
2023-11-23,0xf606bd19b1e61574ed625d9ea96c841d4e247a32,Top_TVL_Risky_Pool,56,70,4,
2023-11-23,0x4206931337dc273a630d328da6441786bfad668f,Top_TVL_Risky_Pool,55,70,4,
2023-11-23,0x89eb16377f3d10d39b23df7c02ae94ac3a81d389,Top_TVL_Risky_Pool,55,70,4,
2023-11-23,0x2fa6ee42bacf983f050210a1ca42f88686327fc9,Top_TVL_Risky_Pool,54,70,4,
2023-11-23,0x7b86f5ca09dc00502e342b0fef5117e1c32222ce,Top_TVL_Risky_Pool,54,70,4,
2023-11-23,0x4c3145cb6285eb269c37685e05ff8c6684a70ec7,Top_TVL_Risky_Pool,51,80,5,
2023-11-23,0x5cc97dab7bc2c01556fbe3d06a09b8c559dff7d5,Top_TVL_Risky_Pool,50,70,4,
2023-11-23,0x7d18f3fe6e638fad0adacc5db1a47f871a2c2cc4,Top_TVL_Risky_Pool,50,70,4,
2023-11-23,0x8f2775e4be08055c7dd4ebf654628b183106a8e1,Top_TVL_Risky_Pool,50,80,5,
2023-11-23,0xb1f2d9678d14a74a9654ad73a43e7e60c59dc911,Top_TVL_Risky_Pool,49,70,4,
2023-11-23,0xe11f1d5eee6be945bee3fa20dbf46febbc9f4a19,Top_TVL_Risky_Pool,49,70,4,
2023-11-23,0xa776f5b86cc520861f55a261515264e3bd86e72e,Top_TVL_Risky_Pool,48,70,4,
2023-11-23,0xc836d8dc361e44dbe64c4862d55ba041f88ddd39,Top_TVL_Risky_Pool,48,70,4,
2023-11-23,0x8b6bf63e2b1c221dc0fb01ae85868b83ddee1b54,Top_TVL_Risky_Pool,48,70,4,
2023-11-23,0x9550ba92515fa17b2df02a31b02e93400f185b98,Top_TVL_Risky_Pool,47,70,4,
2023-11-23,0xa03110800894b3ccf8723d991d80875561f96777,Top_TVL_Risky_Pool,46,80,5,
2023-11-23,0x769c6f0c5c2bcd1b76638bd58e5350f5c94128f3,Top_TVL_Risky_Pool,46,70,4,
2023-11-23,0x1e83d06e17cae34415bea30116ac755456131020,Top_TVL_Risky_Pool,44,70,4,
2023-11-23,0x185674a45c57ebb884c609c2619740f2994767e9,Top_TVL_Risky_Pool,43,70,4,
2023-11-23,0x651a89fed302227d41425235f8e934502fb94c48,Top_TVL_Risky_Pool,42,70,4,
2023-11-23,0xc15e89f2149bcc0cbd5fb204c9e77fe878f1e9b2,Top_TVL_Risky_Pool,41,70,4,
2023-11-23,0x2f5fb3d3ab21bde07c5aa389e92366651b406c30,Top_TVL_Risky_Pool,40,70,4,
2023-11-23,0xd2c8cdab8e68be3785db77f160a436a0e0905c34,Top_TVL_Risky_Pool,40,70,4,
2023-11-23,0x33af7644b1f60c8e8d62689b19d60a5d132164fc,Top_TVL_Risky_Pool,39,70,4,
2023-11-23,0xa77346760341460b42c230ca6d21d4c8e743fa9c,Top_TVL_Risky_Pool,39,70,4,
2023-11-23,0x988f7c894e4001eeb7b570cde80dffe21cf7b6b9,Top_TVL_Risky_Pool,38,70,4,
2023-11-23,0x0af55d5ff28a3269d69b98680fd034f115dd53ac,Top_TVL_Risky_Pool,38,70,4,
2023-11-23,0xb12e8eb6b1f24e14381514d2f3b75e7c61487016,Top_TVL_Risky_Pool,37,80,5,
2023-11-23,0xb2343143f814639c9b1f42961c698247171df34a,Top_TVL_Risky_Pool,36,70,4,
2023-11-23,0x14beb72194866e1b4d6ffad3cd5b488f76168b61,Top_TVL_Risky_Pool,36,70,4,
2023-11-23,0xfaf18e53f52122085a8743e2bfb324c0577b98b5,Top_TVL_Risky_Pool,36,70,4,
2023-11-23,0xb82beb6ee0063abd5fc8e544c852237aa62cbb14,Top_TVL_Risky_Pool,35,70,4,
2023-11-23,0x08ba0619b1e7a582e0bce5bbe9843322c954c340,Top_TVL_Risky_Pool,35,70,4,
2023-11-23,0x3e195dd3c55568362dcab32a61d253c1ca365786,Top_TVL_Risky_Pool,35,70,4,
2023-11-23,0x07b36f2549291d320132712a1e64d3826b1fb4d7,Top_TVL_Risky_Pool,34,70,4,
2023-11-23,0xba96731324de188ebc1ed87ca74544ddebc07d7f,Top_TVL_Risky_Pool,34,70,4,
2023-11-23,0x0566b9a8ffb8908682796751eed00722da967be0,Top_TVL_Risky_Pool,34,70,4,
2023-11-23,0x2a48ece377b87ce941406657b9278b4459595e06,Top_TVL_Risky_Pool,33,70,4,
2023-11-23,0x0f9adaaccd7caecc5019194e15ad19624fed95fa,Top_TVL_Risky_Pool,32,80,5,
2023-11-23,0x6aac56305825f712fd44599e59f2ede51d42c3e7,Top_TVL_Risky_Pool,31,70,4,
2023-11-23,0xe6f935dd49346a86da554cb5d329774ad750e09b,Top_TVL_Risky_Pool,30,70,4,
2023-11-23,0x0f5351b9eaefd6687dff143de6ea5d01cb9c1205,Top_TVL_Risky_Pool,30,70,4,
2023-11-23,0x4a68c250486a116dc8d6a0c5b0677de07cc09c5d,Top_TVL_Risky_Pool,30,70,4,
2023-11-23,0x24086eab82dbdaa4771d0a5d66b0d810458b0e86,Top_TVL_Risky_Pool,30,70,4,
2023-11-23,0x14940169e2db1595cdd3cacd30decc5bbb4d9f19,Top_TVL_Risky_Pool,29,70,4,
2023-11-23,0x9d173e6c594f479b4d47001f8e6a95a7adda42bc,Top_TVL_Risky_Pool,29,70,4,
2023-11-23,0x75afa9915b2210cd6329e820af0365e932bc1dd5,Top_TVL_Risky_Pool,29,70,4,
2023-11-23,0xfc206f429d55c71cb7294eff40c6adb20dc21508,Top_TVL_Risky_Pool,28,70,4,
2023-11-23,0x16dcc0ec78e91e868dca64be86aec62bf7c61037,Top_TVL_Risky_Pool,28,70,4,
2023-11-23,0xea51801b8f5b88543ddad3d1727400c15b209d8f,Top_TVL_Risky_Pool,28,70,4,
2023-11-23,0x3271d12d5ba36b6582fafa029598fee0f5f6db35,Top_TVL_Risky_Pool,27,70,4,
2023-11-23,0xd024ac1195762f6f13f8cfdf3cdd2c97b33b248b,Top_TVL_Risky_Pool,27,80,5,
2023-11-23,0xf3b185ab60128e4c08008fd90c3f1f01f4b78d50,Top_TVL_Risky_Pool,27,70,4,
2023-11-23,0x6911f552842236bd9e8ea8ddbb3fb414e2c5fa9d,Top_TVL_Risky_Pool,26,70,4,
2023-11-23,0x14220f5893e945eed36389905b991d6b972e04f0,Top_TVL_Risky_Pool,26,70,4,
2023-11-23,0xc709878167ed069aea15fd0bd4e9758ceb4da193,Top_TVL_Risky_Pool,26,70,4,
2023-11-23,0xff71e87a2e7b818eee86f3f1c2e94a06cac85866,Top_TVL_Risky_Pool,26,70,4,
2023-11-23,0x83ea1c931922b75cd7c8a8e97dd6e167e7e09b9d,Top_TVL_Risky_Pool,26,70,4,
2023-11-23,0x051f9876fead11e788656845778367cf8573be96,Top_TVL_Risky_Pool,26,70,4,
2023-11-23,0xc0366a104b429f0806bfa98d0008daa9555b2bed,Top_TVL_Risky_Pool,25,70,4,
2023-11-23,0xeb84be66c8e71f07ea57cf3b21626d7784f32a7f,Top_TVL_Risky_Pool,25,70,4,
2023-11-23,0xb6b91269413b6b99242b1c0bc611031529999999,Top_TVL_Risky_Pool,24,70,4,
2023-11-23,0x3b78458981eb7260d1f781cb8be2caac7027dbe2,Top_TVL_Risky_Pool,23,70,4,
2023-11-23,0x4aadad81487c3fadd9f162b851e6a61b729200cb,Top_TVL_Risky_Pool,23,70,4,
2023-11-23,0xd41c4805a9a3128f9f7a7074da25965371ba50d5,Top_TVL_Risky_Pool,22,70,4,
2023-11-23,0x777994409c6b7e2393f6098a33a9cd8b7e9d0d28,Top_TVL_Risky_Pool,22,70,4,
2023-11-23,0xcc780503e290274cfa8da085528067e259df58f0,Top_TVL_Risky_Pool,22,70,4,
2023-11-23,0x526a913a7a4518aa2abc3dcd3c46a9c73f40f94a,Top_TVL_Risky_Pool,22,70,4,
2023-11-23,0x56b331c7e3d68306f26e07492125f0faa9d95343,Top_TVL_Risky_Pool,21,70,4,
2023-11-23,0x58c764c18b6263ce97c8a22fec857e0139026b06,Top_TVL_Risky_Pool,21,70,4,
2023-11-23,0x12ef97ebe8a51bb7cff3e1799c8f7936db9d13d3,Top_TVL_Risky_Pool,21,70,4,
2023-11-23,0x5ddb331c3ba48a1d68cbf50dd3bc7aac407dc115,Top_TVL_Risky_Pool,20,70,4,
2023-11-23,0xb1a1d06d42a43a8fcfdc7fdcd744f7ef03e8ad1a,Top_TVL_Risky_Pool,20,80,5,
2023-11-23,0x88479186bac914e4313389a64881f5ed0153c765,Top_TVL_Risky_Pool,20,70,4,
2023-11-23,0x17932655690e19fa85fdd3f051d795098e69773d,Top_TVL_Risky_Pool,20,70,4,
2023-11-23,0x2b3559c3dbdb294cbb71f2b30a693f4c6be6132d,Top_TVL_Risky_Pool,20,70,4,
2023-11-23,0xaef0a177c8c329cbc8508292bb7e06c00786bbfc,Top_TVL_Risky_Pool,20,70,4,
2023-11-23,0x17f1b7f7d9bb1d17ce01561dc4de658d4c343910,Top_TVL_Risky_Pool,20,70,4,
2023-11-23,0x7d4984490c4c68f8ead9dddca6d04c514ef77324,Top_TVL_Risky_Pool,19,70,4,
2023-11-23,0x80d04e44955aa9c3f24041b2a824a20a88e735a8,Top_TVL_Risky_Pool,19,70,4,
2023-11-23,0xdb20f6a8665432ce895d724b417f77ecac956550,Top_TVL_Risky_Pool,18,70,4,
2023-11-23,0x287db351d5230716246cfb46af8153025eda6a0a,Top_TVL_Risky_Pool,18,70,4,
2023-11-23,0x9798df2f5d213a872c787bd03b2b91f54d0d04a1,Top_TVL_Risky_Pool,18,70,4,
2023-11-23,0x0565805ca3a4105faee51983b0bd8ffb5ce1455c,Top_TVL_Risky_Pool,17,70,4,
2023-11-23,0xb72962568345253f71a18318d67e13a282b187e6,Top_TVL_Risky_Pool,17,70,4,
2023-11-23,0x2bf4be7c4520c41d012eb09a034179e03b898534,Top_TVL_Risky_Pool,17,70,4,
2023-11-23,0x1baadfd674c641149b0d5a39e697ec877ab47083,Top_TVL_Risky_Pool,17,70,4,
2023-11-23,0x440fc7da66e34e01af5201bdf5815739b0ae743f,Top_TVL_Risky_Pool,16,70,4,
2023-11-23,0x4ee98216499b81a9942e7aa77970b68c792ff679,Top_TVL_Risky_Pool,16,70,4,
2023-11-23,0x60d66a5152612f7d550796910d022cb2c77b09de,Top_TVL_Risky_Pool,16,70,4,
2023-11-23,0x0e5f989ce525acc4ee45506af91964f7f4c9f2e9,Top_TVL_Risky_Pool,16,70,4,
2023-11-23,0x8d35f134b9858e88315caf0f0abdaacd814865d5,Top_TVL_Risky_Pool,16,70,4,
2023-11-23,0xa11d6e01599854a4031008e03f2a0e0b773e94ab,Top_TVL_Risky_Pool,16,70,4,
2023-11-23,0x3a0d9d7764fae860a659eb96a500f1323b411e68,Top_TVL_Risky_Pool,16,70,4,
2023-11-23,0x3c1748d647e6a56b37b66fcd2b5626d0461d3aa0,Top_TVL_Risky_Pool,16,70,4,
2023-11-23,0xb1678cc5ab33c7089abf2d417c57de7ff0135025,Top_TVL_Risky_Pool,15,70,4,
2023-11-23,0x4c0415a6e340eccebff58131799c6c4127cc39fa,Top_TVL_Risky_Pool,15,70,4,
2023-11-23,0x83a86adf1a7c56e77d36d585b808052e0a2aad0e,Top_TVL_Risky_Pool,15,70,4,
2023-11-23,0xbf27b3163c25113be5439d56f8acf2209ef3e5bd,Top_TVL_Risky_Pool,15,70,4,
2023-11-23,0x9e6b3e35c8f563b45d864f9ff697a144ad28a371,Top_TVL_Risky_Pool,15,70,4,
2023-11-23,0x5a341dcf49e161cc73591f02e5f8cde8a29733fb,Top_TVL_Risky_Pool,15,70,4,
2023-11-23,0x10051147418c42218986cedd0adc266441f8a14f,Top_TVL_Risky_Pool,15,70,4,
2023-11-23,0x2fd6c9b869dea106730269e13113361b684f843a,Top_TVL_Risky_Pool,15,70,4,
2023-11-23,0xdfe29afdf5a7d0bb92a01a56adabfa87d652e0e7,Top_TVL_Risky_Pool,15,70,4,
2023-11-23,0x1b818cecf52e3b47ee47f7c909e023e4d1b3027c,Top_TVL_Risky_Pool,14,70,4,
2023-11-23,0xc8db8db785ea4f3d1b114114f536f33efb53804d,Top_TVL_Risky_Pool,14,70,4,
2023-11-23,0x181c0f81d56102f64ec805ca444638b18a191db3,Top_TVL_Risky_Pool,14,70,4,
2023-11-23,0xc544d8ab2b5ed395b96e3ec87462801eca579ae1,Top_TVL_Risky_Pool,14,70,4,
2023-11-23,0x32967c39fdd1b7ad1ba36cbbabb33e5560b88581,Top_TVL_Risky_Pool,14,70,4,
2023-11-23,0xc41689a727469c1573009757200371edf36d540e,Top_TVL_Risky_Pool,14,70,4,
2023-11-23,0xf483af09917ba63f1e274056978036d266eb56e6,Top_TVL_Risky_Pool,14,70,4,
2023-11-23,0x00000065cbadead116136940b302f938284f2bdc,Top_TVL_Risky_Pool,14,70,4,
2023-11-23,0x2f4e9c97aaffd67d98a640062d90e355b4a1c539,Top_TVL_Risky_Pool,14,70,4,
2023-11-23,0x42269ac712372ac89a158ad5a32806c6b6782d66,Top_TVL_Risky_Pool,14,70,4,
2023-11-23,0x3374bdb800708d1b3173eac918c58d766c7ddd28,Top_TVL_Risky_Pool,14,70,4,
2023-11-23,0xc6759a4fc56b3ce9734035a56b36e8637c45b77e,Top_TVL_Risky_Pool,13,70,4,
2023-11-23,0x8185f8242d76cfd8afe02955bd42c32411737777,Top_TVL_Risky_Pool,13,70,4,
2023-11-23,0xc72cc401122dbdc812ec88a2150aad5a39467401,Top_TVL_Risky_Pool,13,70,4,
2023-11-23,0x163f182c32d24a09d91eb75820cde9fd5832b329,Top_TVL_Risky_Pool,13,70,4,
2023-11-23,0x3e573bf50b7625d9976fd65a8c0cdfbbc7b63a10,Top_TVL_Risky_Pool,13,70,4,
2023-11-23,0x53b3338e3345758ae88b930e3d9759a95c5ce05c,Top_TVL_Risky_Pool,13,70,4,
2023-11-23,0x4d50e3f89bbc63d199e1bbbd04cd15bf2382592b,Top_TVL_Risky_Pool,13,80,5,
2023-11-23,0xdbdc73b95cc0d5e7e99dc95523045fc8d075fb9e,Top_TVL_Risky_Pool,13,70,4,
2023-11-23,0xafb64e73def6faa8b6ef9a6fb7312d5c4c15ebdb,Top_TVL_Risky_Pool,13,70,4,
2023-11-23,0xeda3866f07566d9379a91a07f8d62e19c03183e0,Top_TVL_Risky_Pool,13,70,4,
2023-11-23,0x5b0dfe077b16479715c9838eb644892008abbfe6,Top_TVL_Risky_Pool,12,70,4,
2023-11-23,0x1fd6eed923829084cf7499d0c61990554dd61d15,Top_TVL_Risky_Pool,12,70,4,
2023-11-23,0x49324d59327fb799813b902db55b2a118d601547,Top_TVL_Risky_Pool,12,70,4,
2023-11-23,0x2aa504586d6cab3c59fa629f74c586d78b93a025,Top_TVL_Risky_Pool,12,70,4,
2023-11-23,0x8424b4c691473c873067b65d5f40f3ff0bf7463e,Top_TVL_Risky_Pool,12,70,4,
2023-11-23,0x8b6fa031c7d2e60fbfe4e663ec1b8f37df1ba483,Top_TVL_Risky_Pool,12,70,4,
2023-11-23,0x8f1fe4e6707cd4236b704759d2ee15166c68183a,Top_TVL_Risky_Pool,12,70,4,
2023-11-23,0x92dd5b17bdacbbe3868a09be5a3df93032c29ddb,Top_TVL_Risky_Pool,12,70,4,
2023-11-23,0x5c501ceb257700fccd33c53feec9f96eda583dd7,Top_TVL_Risky_Pool,12,70,4,
2023-11-23,0xfad8e46123d7b4e77496491769c167ff894d2acb,Top_TVL_Risky_Pool,12,70,4,
2023-11-23,0x746760ecf1d8088c1014ef3d43dc45d5af8febf3,Top_TVL_Risky_Pool,11,70,4,
2023-11-23,0x0ec674fabb4ea1935514a7be760f7e13aa466a39,Top_TVL_Risky_Pool,11,70,4,
2023-11-23,0x610243ee8eac0d212ac2792f70617fcb9b4fa583,Top_TVL_Risky_Pool,11,70,4,
2023-11-23,0x76e08e1c693d42551dd6ba7c2a659f74ff5ba261,Top_TVL_Risky_Pool,11,70,4,
2023-11-23,0x47cc5334f65611ea6be9e933c49485c88c17f5f0,Top_TVL_Risky_Pool,11,70,4,
2023-11-23,0xd3172abc420b002a98cb043db914f100d893e294,Top_TVL_Risky_Pool,11,70,4,
2023-11-23,0xb003c68917bab76812797d1b8056822f48e2e4fe,Top_TVL_Risky_Pool,11,70,4,
2023-11-23,0x3c0fe6c4acd3a21615a51372d2a430eb68ccde43,Top_TVL_Risky_Pool,11,70,4,
2023-11-23,0x80fb0ff63b89ccdaed3f6198ad86898845681c89,Top_TVL_Risky_Pool,11,70,4,
2023-11-23,0x26165a5a3dd21fa528becf3ff7f114d00a517344,Top_TVL_Risky_Pool,11,70,4,
2023-11-23,0x152ad7dc399269fa65d19bd7a790ea8aa5b23dad,Top_TVL_Risky_Pool,11,70,4,
2023-11-23,0x4d9f39f7cb7c7444335077223ceef33dbb58096f,Top_TVL_Risky_Pool,11,70,4,
2023-11-23,0x733af324146dcfe743515d8d77dc25140a07f9e0,Top_TVL_Risky_Pool,10,70,4,
2023-11-23,0xcf6a590921239ac9818b500f2b612e10937e7a20,Top_TVL_Risky_Pool,10,70,4,
2023-11-23,0x0a92285241b0ea93eff4195db4530af1a4bcfe0c,Top_TVL_Risky_Pool,10,70,4,
2023-11-23,0x04c747b40be4d535fc83d09939fb0f626f32800b,Top_TVL_Risky_Pool,10,70,4,
2023-11-23,0x4799c398bf0c202a985149796524c34043d62df9,Top_TVL_Risky_Pool,10,70,4,
2023-11-23,0x2ffee7b4df74f7c6508a4af4d6d91058da5420d0,Top_TVL_Risky_Pool,10,70,4,
2023-11-23,0xf99f2aec50adfde23cc67ab6240168b0a59f1d30,Top_TVL_Risky_Pool,10,70,4,
2023-11-23,0x0c2bfa54d6d4231b6213803df616a504767020ea,Top_TVL_Risky_Pool,9,70,4,
2023-11-23,0x13e1070e3a388e53ec35480ff494538f9ffc5b8d,Top_TVL_Risky_Pool,9,70,4,
2023-11-23,0x6fe3d0f096fc932a905accd1eb1783f6e4cec717,Top_TVL_Risky_Pool,9,70,4,
2023-11-23,0xa93e4bbe09b834b5a13dcd832daeaefe79fb4ae9,Top_TVL_Risky_Pool,9,70,4,
2023-11-23,0x7f9528b913a99989b88104b633d531241591a358,Top_TVL_Risky_Pool,9,70,4,
2023-11-23,0x079f0f5f3ad15e01a5cd919564a8f52dde03431b,Top_TVL_Risky_Pool,9,70,4,
2023-11-23,0x436c52a8cee41d5e9c5e6f4cb146e66d552fb700,Top_TVL_Risky_Pool,9,70,4,
2023-11-23,0x05ad901cf196cbdceab3f8e602a47aadb1a2e69d,Top_TVL_Risky_Pool,9,70,4,
2023-11-23,0x7fde44d6d8fbb3407d9ef4f5b23550abf0d62dfa,Top_TVL_Risky_Pool,9,70,4,
2023-11-23,0xbfb1a68962fb4ed040fd3a0a71dc2c2015bcc667,Top_TVL_Risky_Pool,9,70,4,
2023-11-23,0x002d3c280f719c4b0444680a8c4b1785b6cc2a59,Top_TVL_Risky_Pool,9,70,4,
2023-11-23,0x4634d58982138e93c951c1485d25bc619cbd1f75,Top_TVL_Risky_Pool,9,70,4,
2023-11-23,0xbf151f63d8d1287db5fc7a3bc104a9c38124cdeb,Top_TVL_Risky_Pool,9,70,4,
2023-11-23,0x880bce9321c79cac1d290de6d31dde722c606165,Top_TVL_Risky_Pool,8,70,4,
2023-11-23,0x05f2df7b3d612a23fe12162a6c996447dce728a5,Top_TVL_Risky_Pool,8,70,4,
2023-11-23,0xeacad6c99965cde0f31513dd72de79fa24610767,Top_TVL_Risky_Pool,8,70,4,
2023-11-23,0x5291495f1e98a13c0a99a69d67194773590ca479,Top_TVL_Risky_Pool,8,70,4,
2023-11-23,0x7a983559e130723b70e45bd637773dbdfd3f71db,Top_TVL_Risky_Pool,8,70,4,
2023-11-23,0xb9654a42f0f5dcdef5617debf8bd048e33f180e7,Top_TVL_Risky_Pool,8,70,4,
2023-11-23,0xf29cccc3460506e8f9bc038d4716c05b76b0441e,Top_TVL_Risky_Pool,8,70,4,
2023-11-23,0x6578f2f8387f30b3302b9d4ddb1d46f51c9fb8e4,Top_TVL_Risky_Pool,8,70,4,
2023-11-23,0x4c2200082ad960f03bf105971e5d85bb835ddb83,Top_TVL_Risky_Pool,8,70,4,
2023-11-23,0x902d9367a4de541926e1ed55287fac8eed959d6d,Top_TVL_Risky_Pool,8,80,5,
2023-11-23,0x674aa28ac436834051fff3fc7b6e59d6f9c57a1c,Top_TVL_Risky_Pool,8,70,4,
2023-11-23,0x59f4f336bf3d0c49dbfba4a74ebd2a6ace40539a,Top_TVL_Risky_Pool,8,70,4,
2023-11-23,0x6c93931a8ac1a94b7dde231a19a33d2a5cf3bab4,Top_TVL_Risky_Pool,8,70,4,
2023-11-23,0x086ddd008e20dd74c4fb216170349853f8ca8289,Top_TVL_Risky_Pool,7,70,4,
2023-11-23,0xa4a66d8a705260c8cb1ebb59224e018015294f48,Top_TVL_Risky_Pool,7,70,4,
2023-11-23,0x2bede63816d611edf6649cda5dfcc90d1f35c8fc,Top_TVL_Risky_Pool,7,70,4,
2023-11-23,0x1e653794a6849bc8a78be50c4d48981afad6359d,Top_TVL_Risky_Pool,7,70,4,
2023-11-23,0x5921dee8556c4593eefcfad3ca5e2f618606483b,Top_TVL_Risky_Pool,7,70,4,
2023-11-23,0x2fb6212111dad926902febcfd8daa3eb44f1ca56,Top_TVL_Risky_Pool,7,70,4,
2023-11-23,0xdf0816cc717216c8b0863af8d4f0fc20bc65d643,Top_TVL_Risky_Pool,7,70,4,
2023-11-23,0xd80c121703efe9873b36f72343bd868665613d91,Top_TVL_Risky_Pool,7,70,4,
2023-11-23,0x9f1839d6dfbebfc1bbbc94869f5c57784b5c369e,Top_TVL_Risky_Pool,7,70,4,
2023-11-23,0x4dfad9a4cba318efc53743b803588b113f8a84bd,Top_TVL_Risky_Pool,7,70,4,
2023-11-23,0xd50234e73934c7d60bb080856efec3cc72080143,Top_TVL_Risky_Pool,7,70,4,
2023-11-23,0x9fbd6973f7e6e49eac8ff2eb857fdeed41d2e482,Top_TVL_Risky_Pool,7,70,4,
2023-11-23,0x5de56c867692277faaf6756d6d30eba2086e948e,Top_TVL_Risky_Pool,7,70,4,
2023-11-23,0xf17f7827403c166fda782ceb17b29900d1a2ad15,Top_TVL_Risky_Pool,7,80,5,
2023-11-23,0xcf2a5a9c6ce217152722e7a26f7abe5624752389,Top_TVL_Risky_Pool,6,70,4,
2023-11-23,0xa7eb04a6d61189192237c815702db082ae0fb973,Top_TVL_Risky_Pool,6,70,4,
2023-11-23,0x219adc84b2ccfadf733d394312c1f3adf3268cc1,Top_TVL_Risky_Pool,6,70,4,
2023-11-23,0x378b7a04c7cc71556319cd031cd56b1f986e2024,Top_TVL_Risky_Pool,6,80,5,
2023-11-23,0xca044f16afa434c0c17c0478d8a6ce4feef46504,Top_TVL_Risky_Pool,6,70,4,
2023-11-23,0x35bb94258eb3fb42114dbdc0e29e00e5abe0bc46,Top_TVL_Risky_Pool,6,70,4,
2023-11-23,0x7704d0ead6f74e625d7371b079d8b2475bc852d4,Top_TVL_Risky_Pool,6,70,4,
2023-11-23,0x7361de48dde2d05e379d9e6641b7e7b2e323a464,Top_TVL_Risky_Pool,6,70,4,
2023-11-23,0xc84e1748376781c09703c1292d9dd659ebfc0c8b,Top_TVL_Risky_Pool,6,70,4,
2023-11-23,0xfdf4fc8b6b73718dfc90dc2fa9e27d2a1b580cca,Top_TVL_Risky_Pool,5,70,4,
2023-11-23,0x767b04d1f1dde2a056cec1ab3bd51d1c286366db,Top_TVL_Risky_Pool,5,70,4,
2023-11-23,0x5dc53496e8dd50887785d75d432cba6a86f82cad,Top_TVL_Risky_Pool,5,70,4,
2023-11-23,0xbfffd68774aa006840385cb021966188990a2d1a,Top_TVL_Risky_Pool,5,70,4,
2023-11-23,0xe96a53af382c669848a87d42df3af6e08c34fa5e,Top_TVL_Risky_Pool,5,70,4,
2023-11-23,0x339fd7674cb25803e31be976ec76cbbbf0e9f205,Top_TVL_Risky_Pool,5,70,4,
2023-11-23,0xe045fc25581cfdc3cfb5c282501f3cd1a133a7ec,Top_TVL_Risky_Pool,5,70,4,
2023-11-23,0xed8ff13e186e4d075779105d268c6523aae5cf1c,Top_TVL_Risky_Pool,5,70,4,
2023-11-23,0x95173a846cf2134ce5d1dc86bdfb46aa8e41f697,Top_TVL_Risky_Pool,5,80,5,
2023-11-23,0x02a9d7162bd73c2b35c5cf6cdd585e91928c850a,Top_TVL_Risky_Pool,5,70,4,
2023-11-23,0x494aed889b52baa32bec68460ab9786a3e41078f,Top_TVL_Risky_Pool,5,70,4,
2023-11-23,0x8af33e39214c3ce3c367ccc923ee74b49cd4bc05,Top_TVL_Risky_Pool,4,70,4,
2023-11-23,0xcc079ca45b62c5bc0064e0b40a2dd3d409503119,Top_TVL_Risky_Pool,4,70,4,
2023-11-23,0x05243e4e2c041d24408d0751c1031e9b435445da,Top_TVL_Risky_Pool,4,70,4,
2023-11-23,0x6d86f0a41c3966cef8ea139648db707e912563c9,Top_TVL_Risky_Pool,4,70,4,
2023-11-23,0x34e942859469c9db9c22f4eaf866e2c2401bb795,Top_TVL_Risky_Pool,4,70,4,
2023-11-23,0x47f41a2b6e3cb035bb051f187f1908f51b7e5958,Top_TVL_Risky_Pool,4,70,4,
2023-11-23,0xc257bb8e08a85d1330718f1663070fec332e8cad,Top_TVL_Risky_Pool,4,70,4,
2023-11-23,0xebca5a64432660dc7aac05d52315b0583734151b,Top_TVL_Risky_Pool,4,70,4,
2023-11-23,0x30c54d82564aee6a56755f80aa4bbdf2e5093322,Top_TVL_Risky_Pool,4,70,4,
2023-11-23,0x57af121a8ddb1f9a8fafcf3229c92bf2856a8a29,Top_TVL_Risky_Pool,4,70,4,
2023-11-23,0x38140f5530c56f3813234c88ae6ee5c3643969c3,Top_TVL_Risky_Pool,4,70,4,
2023-11-23,0xb9c255c115636d8cbe107fc953364b243cacdbce,Top_TVL_Risky_Pool,4,70,4,
2023-11-23,0x7ffc1243232da3ac001994208e2002816b57c669,Top_TVL_Risky_Pool,4,70,4,
2023-11-23,0x3a310e6eaf960f9ea208764e9d299ea62a0ea53d,Top_TVL_Risky_Pool,4,70,4,
2023-11-23,0x0ebc30459551858e81306d583025d12c7d795fa2,Top_TVL_Risky_Pool,4,70,4,
2023-11-23,0x1649bf0b3e94452ff1c9d15998e17b645157cb89,Top_TVL_Risky_Pool,4,70,4,
2023-11-23,0x88888888faedeb25b94a015af705f18666079038,Top_TVL_Risky_Pool,4,70,4,
2023-11-23,0x0b1ff525e092a98210ed150f8b08313f646847d6,Top_TVL_Risky_Pool,4,70,4,
2023-11-23,0x7497469d1fa62d41b6d6ef29ec05c889c8ac513b,Top_TVL_Risky_Pool,4,70,4,
2023-11-23,0xf224ade71c20f9823e34e0792f72437596b4e28c,Top_TVL_Risky_Pool,4,70,4,
2023-11-23,0xd73e883e203646e87f6d073baf3d7719bda68bcb,Top_TVL_Risky_Pool,4,70,4,
2023-11-23,0xd8f61cdeca41def1a7923f308a042f678109f54b,Top_TVL_Risky_Pool,4,70,4,
2023-11-23,0xe90d1567ecef9282cc1ab348d9e9e2ac95659b99,Top_TVL_Risky_Pool,4,70,4,
2023-11-23,0x4debb4d2ef775e601967250102e2732c3ec36471,Top_TVL_Risky_Pool,4,70,4,
2023-11-23,0x90a1e4bbade88366dc44436535f1571d95e666c7,Top_TVL_Risky_Pool,4,80,5,
2023-11-23,0x13abec309d958c7900e8dea7d930d794981507ad,Top_TVL_Risky_Pool,4,70,4,
2023-11-23,0x57ac045f3553882e0e1e4cb44faffdc1bdfee249,Top_TVL_Risky_Pool,4,70,4,
2023-11-23,0x7601157e00750e2adc28b2cb2a51419bdca53ac9,Top_TVL_Risky_Pool,4,70,4,
2023-11-23,0x76ef2a25b1ea6eb5dc4d079ae82c767d55b0a99e,Top_TVL_Risky_Pool,4,70,4,
2023-11-23,0x91370fe743ab6ba66a7ebe4fd1f4f0e0574c7210,Top_TVL_Risky_Pool,4,70,4,
2023-11-23,0xab8c98491816fede394582f7758a5effeb4368d7,Top_TVL_Risky_Pool,4,70,4,
2023-11-23,0x41912648442e1800d90f5e76b4c3a45eba1fab49,Top_TVL_Risky_Pool,4,70,4,
2023-11-23,0xdd63525fab69a97224962a076a642bfcf0714f2e,Top_TVL_Risky_Pool,4,70,4,
2023-11-23,0xd53e4d6187244319fbbcb2e8e9209d646428d9b7,Top_TVL_Risky_Pool,3,70,4,
2023-11-23,0x308d6b4bded91f99b58bdaafcc1137fb4cfd4ab2,Top_TVL_Risky_Pool,3,70,4,
2023-11-23,0xd83cec69ed9d8044597a793445c86a5e763b0e3d,Top_TVL_Risky_Pool,3,70,4,
2023-11-23,0x361df081e8accac1115693b2e84a1a09d9f0d49c,Top_TVL_Risky_Pool,3,70,4,
2023-11-23,0x192eb3e89c09590ddb86af1172094b0719a67b34,Top_TVL_Risky_Pool,3,70,4,
2023-11-23,0xe6884e29ffe5c6f68f4958cf201b0e308f982ac9,Top_TVL_Risky_Pool,3,70,4,
2023-11-23,0x2b2db264b72e1bc45e1cd1a4fab6c3e4a20c3333,Top_TVL_Risky_Pool,3,70,4,
2023-11-23,0xfc86168f78e329347a1be1910ee9c54f496a9999,Top_TVL_Risky_Pool,3,70,4,
2023-11-23,0xd27d3f7f329d93d897612e413f207a4dbe8bf799,Top_TVL_Risky_Pool,3,70,4,
2023-11-23,0xfb585322fbd121ce20b857e2ccd85a43ad496573,Top_TVL_Risky_Pool,3,70,4,
2023-11-23,0x9eeddb9da3bcbfdcfbf075441a9e14c6a8899999,Top_TVL_Risky_Pool,3,70,4,
2023-11-23,0x4fc75a68c38a700aac53a34784d6d9917932ea0e,Top_TVL_Risky_Pool,3,80,5,
2023-11-23,0x0952ddffde60786497c7ced1f49b4a14cf527f76,Top_TVL_Risky_Pool,3,70,4,
2023-11-23,0x36477e60f2b4790206064ad51084d45cba1f87e3,Top_TVL_Risky_Pool,3,70,4,
2023-11-23,0x10278f05c86021c292f57acd846014663f98c9be,Top_TVL_Risky_Pool,3,70,4,
2023-11-23,0x642b6e285ee647f0565670bca8a560f778ee4b9a,Top_TVL_Risky_Pool,3,70,4,
2023-11-23,0x9bb6c19905c4ec8b8d10ceed5ce1781885b137a9,Top_TVL_Risky_Pool,3,70,4,
2023-11-23,0xd25631648e3ad4863332319e8e0d6f2a8ec6f267,Top_TVL_Risky_Pool,3,70,4,
2023-11-23,0x4be8c674c51674beb729832682bba5e5b105b6e2,Top_TVL_Risky_Pool,3,70,4,
2023-11-23,0xf87940f78f2f4d99a0c5c22e3fcc21795cd53245,Top_TVL_Risky_Pool,3,70,4,
2023-11-23,0x150cbd6e82d63db545ff8904de365b9154b0b386,Top_TVL_Risky_Pool,3,70,4,
2023-11-23,0xabc69f2025bdb12efcdb8fd048d240fff943ca82,Top_TVL_Risky_Pool,3,70,4,
2023-11-23,0x6710d8658094d1f02276b677345078f816bdb8f3,Top_TVL_Risky_Pool,3,70,4,
2023-11-23,0xa9e22e82d5a497c764a9fcd566bc8df933b74fbe,Top_TVL_Risky_Pool,3,70,4,
2023-11-23,0xa55c1e67039b6d59e91eb4cda2bfc5a854989102,Top_TVL_Risky_Pool,3,70,4,
2023-11-23,0x50f72b83a5ad59ad71c28e2e4b58c73740e2168c,Top_TVL_Risky_Pool,2,70,4,
2023-11-23,0xb26d2d67c7652f361b73552310da5753041b3867,Top_TVL_Risky_Pool,2,80,5,
2023-11-23,0xcf64701d4567172a1de9177c319945589ed81b13,Top_TVL_Risky_Pool,2,70,4,
2023-11-23,0x638deed975af106d7d721f92047b369f82241020,Top_TVL_Risky_Pool,2,70,4,
2023-11-23,0x26a7546c8f5e5f706cb598caa68134f6ecf8d657,Top_TVL_Risky_Pool,2,70,4,
2023-11-23,0x27dcc73cbbbe57d006303316dd3e91a0d5d58eea,Top_TVL_Risky_Pool,2,70,4,
2023-11-23,0x65f98dd1fe6a3bdad5b825b11e043affb9b108c3,Top_TVL_Risky_Pool,2,70,4,
2023-11-23,0xc75aa1fa199eac5adabc832ea4522cff6dfd521a,Top_TVL_Risky_Pool,2,70,4,
2023-11-23,0x5c530131700b8dd88e4faefea616d04f6f13fc96,Top_TVL_Risky_Pool,2,70,4,
2023-11-23,0xddd9d7d280c78b564c55beb26562e367d4b9bd8a,Top_TVL_Risky_Pool,2,70,4,
2023-11-23,0x7d6c3f7aaaf01a91574c82b82e57b1f64ff48039,Top_TVL_Risky_Pool,2,70,4,
2023-11-23,0x6ad7e691f1d2723523e70751f82052a8a2c47726,Top_TVL_Risky_Pool,2,70,4,
2023-11-23,0x41f831c60c7051cffa756ab5f9fee81a670ecde0,Top_TVL_Risky_Pool,2,70,4,
2023-11-23,0x877596a1a6839df29307bf7b13a9440b4370c42e,Top_TVL_Risky_Pool,2,70,4,
2023-11-23,0x568c1a69b783bdf0b9c303f4596aa6910eec10c6,Top_TVL_Risky_Pool,2,70,4,
2023-11-23,0xa532cfaa916c465a094daf29fea07a13e41e5b36,Top_TVL_Risky_Pool,2,70,4,
2023-11-23,0x829bdd5ff76b293d274f47cf95a48b98cecaff0c,Top_TVL_Risky_Pool,2,70,4,
2023-11-23,0xbbe626be0abd64e8efd72a934f08ff9e81c909c8,Top_TVL_Risky_Pool,2,70,4,
2023-11-23,0x8a0c6c59a80292b1a7fc8770bfbb1e27801c5e9c,Top_TVL_Risky_Pool,2,70,4,
2023-11-23,0xac7ae2eca9aa162590f884efd36f29056953b49f,Top_TVL_Risky_Pool,2,70,4,
2023-11-23,0x6be940759586a4f479086d7c606cdb6ba60ce6b3,Top_TVL_Risky_Pool,2,70,4,
2023-11-23,0x3fafcf73c4a63b00bfa5f42fcc5565bc65e81b90,Top_TVL_Risky_Pool,2,70,4,
2023-11-23,0xaf96a19c2dd4a0f6b077d9481fcc8c9102faa141,Top_TVL_Risky_Pool,2,70,4,
2023-11-23,0x1933896cb748627e190e7f9f184eca823f39c516,Top_TVL_Risky_Pool,2,70,4,
2023-11-23,0x69abeed0a5642130dd6a577a7843addeaa1ea317,Top_TVL_Risky_Pool,2,70,4,
2023-11-23,0xa3c1abc0d0bde46f715129706bb22ed5dfd158ec,Top_TVL_Risky_Pool,2,70,4,
2023-11-23,0xbc9742077cce639c7dae92e21633ccce83f7b6f7,Top_TVL_Risky_Pool,2,80,5,
2023-11-23,0x785700bc30de3c9a8f1dcd5cdb2652150f36ecd5,Top_TVL_Risky_Pool,2,70,4,
2023-11-23,0x29a1e54de0fce58e1018535d30af77a9d2d940c4,Top_TVL_Risky_Pool,2,70,4,
2023-11-23,0x25e797a38c8701c93b732a38c9380412ac49d309,Top_TVL_Risky_Pool,2,70,4,
2023-11-23,0xa5a4117999d94bcc743ced447ce2c34329180fad,Top_TVL_Risky_Pool,2,70,4,
2023-11-23,0xeb6b00f8c7e1da78fb919c810c30dde95475bdde,Top_TVL_Risky_Pool,2,70,4,
2023-11-23,0x4c48cca6153db911002f965d22fdefcd95f33be9,Top_TVL_Risky_Pool,2,70,4,
2023-11-23,0xc2d0f6b7513994a1ba86cef3aac181a371a4ca0c,Top_TVL_Risky_Pool,2,70,4,
2023-11-23,0xbc846b8a1caaa95cdd18faa28d4fd16791007801,Top_TVL_Risky_Pool,2,70,4,
2023-11-23,0xcb0fb26acc42f6da0efe1a3e42567409acedd119,Top_TVL_Risky_Pool,2,70,4,
2023-11-23,0x545f90dc35ca1e6129f1fed354b3e2df12034261,Top_TVL_Risky_Pool,2,70,4,
2023-11-23,0x08aed8578daabf12d48031fa5d9727e4afd42dee,Top_TVL_Risky_Pool,2,70,4,
2023-11-23,0x17fabaf66256fb40f350576bafa1807429708e34,Top_TVL_Risky_Pool,1,70,4,
2023-11-23,0x31f0bc450c12eb62b4c617d4c876f7a66470fcb3,Top_TVL_Risky_Pool,1,70,4,
2023-11-23,0xee878855bb65bd9d724d4946aa32ba7d988d1939,Top_TVL_Risky_Pool,1,70,4,
2023-11-23,0x7dac25b1a665e1c70f25f1fc37d88c99274984ed,Top_TVL_Risky_Pool,1,70,4,
2023-11-23,0x21c6fcdf49f30dca6a5d2571a76b31121e871634,Top_TVL_Risky_Pool,1,70,4,
2023-11-23,0x74d00122a5d038914eae062af8174c888f3166dc,Top_TVL_Risky_Pool,1,70,4,
2023-11-23,0x9f2eea5375992f8eb33eb1fdf56476c6f1a89ded,Top_TVL_Risky_Pool,1,70,4,
2023-11-23,0xbf8f9c3f240283835003fa9fb9fd780ecaa3e2d7,Top_TVL_Risky_Pool,1,70,4,
2023-11-23,0xa7002fccc20f10a38c579a8d2d14d34f2a9a02a5,Top_TVL_Risky_Pool,1,70,4,
2023-11-23,0x24d787e9b88cb62d74e961c1c1d78e4ee47618e5,Top_TVL_Risky_Pool,1,70,4,
2023-11-23,0x407836435a30c7fa62db326d4f2d87bc1a87cc1a,Top_TVL_Risky_Pool,1,70,4,
2023-11-23,0xa0a4c12aa90fe439b07b16657cd2c12e4d41e25f,Top_TVL_Risky_Pool,1,70,4,
2023-11-23,0xae4d7b8e83bacc7469615565aa0b5030f01334b5,Top_TVL_Risky_Pool,1,70,4,
2023-11-23,0x158648792927ebb7a5c0d598bab4d23417465e0b,Top_TVL_Risky_Pool,1,70,4,
2023-11-23,0x0eb455a49bf180ded02732b9aa52a3b7c1146a8d,Top_TVL_Risky_Pool,1,70,4,
2023-11-23,0xc7404ac87ff5fca2687666db725dd27fe71730a6,Top_TVL_Risky_Pool,1,70,4,
2023-11-23,0x2a8dba970ba9750fa1c81b1be4c0e19c1aacca9d,Top_TVL_Risky_Pool,1,70,4,
2023-11-23,0xc45b64cd6643a18f62a5420ddc85bff128625176,Top_TVL_Risky_Pool,1,70,4,
2023-11-23,0x780622e3043d329abd7b1fd522c9b6c877cfb8c0,Top_TVL_Risky_Pool,1,70,4,
2023-11-23,0x5a56d6ac008dc1fb595d19a38ec5f3b56a382736,Top_TVL_Risky_Pool,1,70,4,
2023-11-23,0xe8c4bece93084d649fb630886b5332942b643bb9,Top_TVL_Risky_Pool,1,70,4,
2023-11-23,0xee0ed249325a8284d66af5f98dcbb7c620ebbe45,Top_TVL_Risky_Pool,1,70,4,
2023-11-23,0x64f156bd914ae7d377e61f8b985ee64daa66ae80,Top_TVL_Risky_Pool,1,70,4,
2023-11-23,0x47d42e0e864ceff8c4270f7b6e1f6f91da45882c,Top_TVL_Risky_Pool,1,70,4,
2023-11-23,0x10c05dc0807a0c679c319202020de54973a692ce,Top_TVL_Risky_Pool,1,70,4,
2023-11-23,0xbace88bdb1cfbe36dcdb459fe4c77047dee4ac5b,Top_TVL_Risky_Pool,1,80,5,
2023-11-23,0x8ea93d00cc6252e2bd02a34782487eed65738152,Top_TVL_Risky_Pool,1,70,4,
2023-11-23,0x73052f51b68d974d2ed6cec7b9e817adac168168,Top_TVL_Risky_Pool,1,70,4,
2023-11-23,0x9d5b084e167dccb34f3d8074b7f7e2f6fbb2501c,Top_TVL_Risky_Pool,1,70,4,
2023-11-23,0x6521f741db59bff3e685c35baf064441e82a1cc3,Top_TVL_Risky_Pool,1,70,4,
2023-11-23,0x3d17e0abd8d2f023970d8df8b43776a1a2bd737c,Top_TVL_Risky_Pool,1,70,4,
2023-11-23,0x0962840397b0ebbfbb152930acb0583e94f49b5c,Top_TVL_Risky_Pool,1,70,4,
2023-11-23,0x5a457e055461a50922ddaea89999af30988753a3,Top_TVL_Risky_Pool,1,70,4,
2023-11-23,0x705e537e2c8be47e6ebf39dc30b3c63944dcfba2,Top_TVL_Risky_Pool,1,70,4,
2023-11-23,0x0e9c0f8fcc8e60f8daeb569448a41514eb321471,Top_TVL_Risky_Pool,1,70,4,
2023-11-23,0xa1cda647f6d07d94ea0be2c83b9f312b977ecbc4,Top_TVL_Risky_Pool,1,70,4,
2023-11-23,0x3915ce20f6c43635101d4b7008a7d3b1c24c2572,Top_TVL_Risky_Pool,1,70,4,
2023-11-23,0x95dd3bd912c4c7bac01f9e8829dc7ab360bbffb4,Top_TVL_Risky_Pool,1,70,4,
2023-11-23,0xead4a325a3cc43ebbc0207127cd04dd1d1894348,Top_TVL_Risky_Pool,1,70,4,
2023-11-23,0xf729f4d13a9c9556875d20bacf9ebd0bf891464c,Top_TVL_Risky_Pool,1,70,4,
2023-11-23,0x9210e088084039a8ed0022eee80bbeb1049997bc,Top_TVL_Risky_Pool,1,70,4,
2023-11-23,0x570c6e047f8084634763fc582df568ebcaf08bb4,Top_TVL_Risky_Pool,1,70,4,
2023-11-23,0x2266362f414bf2476c5465dc2ea953fe2a99ae1c,Top_TVL_Risky_Pool,1,70,4,
2023-11-23,0x4908b8977f91e2257e5260551e7dc2950b1b3877,Top_TVL_Risky_Pool,1,70,4,
2023-11-23,0xb1d9207ac3187bdc2595420df122e6a1bfa150d8,Top_TVL_Risky_Pool,1,70,4,
2023-11-23,0xc7ddf690942b74171f7e3763baf260b686516bc0,Top_TVL_Risky_Pool,1,70,4,
2023-11-23,0xdf7ff95aa3d855a6fb21399432166a92fdcf1b1a,Top_TVL_Risky_Pool,1,80,5,
2023-11-23,0xa610e3b12641abefd4383b0889e51756e490dbf0,Top_TVL_Risky_Pool,0,70,4,
2023-11-23,0x0a7bb2bdda1c0ea02d98a7b048f4bf809f40277b,Top_TVL_Risky_Pool,0,70,4,
2023-11-23,0x0945daf6bf9e40e24e5a42e2b3642f6db7651ab6,Top_TVL_Risky_Pool,0,70,4,
2023-11-23,0x09c253d1e27ea2dc7e0a23647483a8338f533ece,Top_TVL_Risky_Pool,0,80,5,
2023-11-23,0x78cb4a1a221065940662324df3adb909574e1786,Top_TVL_Risky_Pool,0,80,5,
2023-11-23,0x9641b92a53e8d74f475f0d55f74bf0d81c92edba,Top_TVL_Risky_Pool,0,70,4,
2023-11-23,0xad21cf09549213c4f491a1e153d84104f3245957,Top_TVL_Risky_Pool,0,70,4,
2023-11-23,0x49cedcdf72647074a1463abbcc24e10c7ecdeb43,Top_TVL_Risky_Pool,0,80,5,
2023-11-23,0xb13c26c975f47e7180d881c73f713af62d25f51e,Top_TVL_Risky_Pool,0,70,4,
2023-11-23,0xa4dbc813f7e1bf5827859e278594b1e0ec1f710f,Top_TVL_Risky_Pool,0,70,4,
2023-11-23,0xced59c3249f20ca36fba764bfdd9d94f471b3154,Top_TVL_Risky_Pool,0,80,5,
2023-11-23,0xa753d241ffce10a3570eda72f6561c04b1f9ae77,Top_TVL_Risky_Pool,0,70,4,
2023-11-23,0x44690f7c8e56430eb6bfc7c1071da67b27c76242,Top_TVL_Risky_Pool,0,70,4,
2023-11-23,0x8e68f77a2938f51ecd4f1467fb659200b7f5fe8c,Top_TVL_Risky_Pool,0,80,5,
2023-11-23,0x722baeb42bb4e3128db46b00417a1eb20e7dea2d,Top_TVL_Risky_Pool,0,70,4,
2023-11-23,0x1e2b832edd325e85eac987d3e6a95861f6280c46,Top_TVL_Risky_Pool,0,70,4,
2023-11-23,0x03453dc59f526dd4bffa65940e73e10e0c295c20,Top_TVL_Risky_Pool,0,70,4,
2023-11-23,0x0d36cc179019db9a65aa3b85db59e4bb52df0b12,Top_TVL_Risky_Pool,0,70,4,
2023-11-23,0xe0796f447d28d99ec893721e32f84ad1bf9f60da,Top_TVL_Risky_Pool,0,80,5,
2023-11-23,0xb3d8d3a81294ad36f51f18964825082d0f30398b,Top_TVL_Risky_Pool,0,70,4,
2023-11-23,0x965b85d4674f64422c4898c8f8083187f02b32c0,Top_TVL_Risky_Pool,0,70,4,
2023-11-23,0x4cbd8adcd7eca7d1b71adbbf484f1e8014681a9d,Top_TVL_Risky_Pool,0,70,4,
2023-11-23,0xcdd6494aeb193c8d5541b5b9c5e72a3809a98fdc,Top_TVL_Risky_Pool,0,70,4,
2023-11-23,0xb7f3d845d693c930fa0fa1c4d71bb6ba40ab6af4,Top_TVL_Risky_Pool,0,70,4,
2023-11-23,0x01eaedd1bc5f8198d174532aa13ba150653e0e11,Top_TVL_Risky_Pool,0,70,4,
2023-11-23,0x6e9f02f933575cc5f7938fc55ed304f3435d3508,Top_TVL_Risky_Pool,0,70,4,
2023-11-23,0xf4634aa2df0f733a3cc7033ad75b4ea1bb93f1a3,Top_TVL_Risky_Pool,0,70,4,
2023-11-23,0x51e1391fe0b4db6bf487938ba388da60ceb8b200,Top_TVL_Risky_Pool,0,70,4,
2023-11-23,0x69d1ff85004a445a892dfbd88df00d48fb0af638,Top_TVL_Risky_Pool,0,70,4,
2023-11-23,0x502435713854f5e92d048d27de95c9ce16dc380d,Top_TVL_Risky_Pool,0,80,5,
2023-11-23,0x17c8dd4adf020be82d296aacde62c6030cd35c1c,Top_TVL_Risky_Pool,0,70,4,
2023-11-23,0xa2474c63ecf808717e93d4981ca05ec65e67fc29,Top_TVL_Risky_Pool,0,70,4,
2023-11-23,0x59d0f1c904c7831aeb04eb94fc2c87b8945ebff9,Top_TVL_Risky_Pool,0,70,4,
2023-11-23,0x4be8b778c8fe8f007c9081b07f21686086c011c1,Top_TVL_Risky_Pool,0,70,4,
2023-11-23,0xc9e5aa12a5644c5bd4c342d232bebc3a678e03e3,Top_TVL_Risky_Pool,0,70,4,
2023-11-23,0x1532c74250de406a83fec3acc8030da4159e4cbb,Top_TVL_Risky_Pool,0,70,4,
2023-11-23,0x33714356e2a3e216d055440eb24d0e23458b1b85,Top_TVL_Risky_Pool,0,70,4,
2023-11-23,0x2b53d7014865c705df383ab58b3c1de5388ad567,Top_TVL_Risky_Pool,0,70,4,
2023-11-23,0x96d3cff085dc71de43767694a3bef6a4b294385a,Top_TVL_Risky_Pool,0,70,4,
2023-11-23,0xe745c551389556f2ba42bdd27eecbad326b7e65b,Top_TVL_Risky_Pool,0,70,4,
2023-11-23,0xbeabbee68cbfa18aa179fa4b84a7b7bd37a71597,Top_TVL_Risky_Pool,0,70,4,
2023-11-23,0x572c9ab47977d7d909572f3b8bce076a858a8763,Top_TVL_Risky_Pool,0,70,4,
2023-11-23,0x577d0b05fafa1b320eb30808e34a3e199c1bda92,Top_TVL_Risky_Pool,0,70,4,
2023-11-23,0xfcf26bd8bcf55bc36bc2a4d893fdc72e5d784b29,Top_TVL_Risky_Pool,0,70,4,
2023-11-23,0xcc68828491854d8619d6d3b63d38536a56962bb8,Top_TVL_Risky_Pool,0,70,4,
2023-11-23,0xd7c5d2a3b7868e6dd539e145c98a565f29ef3fa4,Top_TVL_Risky_Pool,0,70,4,
2023-11-23,0xba509bdb71a29301860800e13867b59b461747af,Trending_Risky_Pool,61077,70,4,
2023-11-23,0x75ca521892de7f2ecfb070cab545c250d0ceb7e3,Trending_Risky_Pool,34237,70,4,
2023-11-23,0x04f46cdfe8dd348e41902eef1aff19ace1661f4c,Trending_Risky_Pool,15136,70,4,
2023-11-23,0xc632f90affec7121120275610bf17df9963f181c,Trending_Risky_Pool,8035,70,4,
2023-11-23,0x3ab7014d0e896a8e486fbf5bc590eeb93d6f44bf,Trending_Risky_Pool,6251,70,4,
2023-11-23,0x4d1e90ab966ae26c778b2f9f365aa40abb13f53c,Trending_Risky_Pool,5883,70,4,
2023-11-23,0xabe776435f7459e2f5ba773bfb753ed19a053dd0,Trending_Risky_Pool,4799,70,4,
2023-11-23,0x9767c8e438aa18f550208e6d1fdf5f43541cc2c8,Trending_Risky_Pool,2219,70,4,
2023-11-23,0xb1d4e33dd4aa6204bc8aae340b67455a662f038a,Trending_Risky_Pool,1948,70,4,
2023-11-23,0xb86126b872e3f23bc62d6a4a3152ec65202a2073,Trending_Risky_Pool,1883,70,4,
2023-11-23,0x20f663cea80face82acdfa3aae6862d246ce0333,Trending_Risky_Pool,1873,70,4,
2023-11-23,0x1f1c90aeb2fd13ea972f0a71e35c0753848e3db0,Trending_Risky_Pool,1832,70,4,
2023-11-23,0x73fbd93bfda83b111ddc092aa3a4ca77fd30d380,Trending_Risky_Pool,1732,70,4,
2023-11-23,0xa4838122c683f732289805fc3c207febd55babdd,Trending_Risky_Pool,1631,70,4,
2023-11-23,0x82030cdbd9e4b7c5bb0b811a61da6360d69449cc,Trending_Risky_Pool,1343,70,4,
2023-11-23,0xbcb24afb019be7e93ea9c43b7e22bb55d5b7f45d,Trending_Risky_Pool,1059,70,4,
2023-11-23,0x83d3c2d1a55687498df6800c5f173ec6a7556089,Trending_Risky_Pool,1039,70,4,
2023-11-23,0x6d6ba21e4c4b29ca7bfa1c344ba1e35b8dae7205,Trending_Risky_Pool,954,70,4,
2023-11-23,0x77087ab5df23cfb52449a188e80e9096201c2097,Trending_Risky_Pool,757,70,4,
2023-11-23,0x5b6bf0c7f989de824677cfbd507d9635965e9cd3,Trending_Risky_Pool,711,70,4,
2023-11-23,0xd983ab71a284d6371908420d8ac6407ca943f810,Trending_Risky_Pool,642,70,4,
2023-11-23,0xc9882def23bc42d53895b8361d0b1edc7570bc6a,Trending_Risky_Pool,603,70,4,
2023-11-23,0x724f8ebae58f19bc472ae57b4b24748a9f3e55c5,Trending_Risky_Pool,582,70,4,
2023-11-23,0xbededdf2ef49e87037c4fb2ca34d1ff3d3992a11,Trending_Risky_Pool,557,70,4,
2023-11-23,0x60322971a672b81bcce5947706d22c19daecf6fb,Trending_Risky_Pool,538,70,4,
2023-11-23,0xac68931b666e086e9de380cfdb0fb5704a35dc2d,Trending_Risky_Pool,517,70,4,
2023-11-23,0x1bec5734b1e4559979158052dfa5c6f0156282f2,Trending_Risky_Pool,514,70,4,
2023-11-23,0x9e9bef94795bfe87a11a0369b4e0c3b60a6fcf2b,Trending_Risky_Pool,417,80,5,
2023-11-23,0xa68c9c2c39176b3ee9f6359b68e853893c6ddc5a,Trending_Risky_Pool,413,70,4,
2023-11-23,0xe4fae3faa8300810c835970b9187c268f55d998f,Trending_Risky_Pool,381,70,4,
2023-11-23,0x1633b7157e7638c4d6593436111bf125ee74703f,Trending_Risky_Pool,330,70,4,
2023-11-23,0x83f41c98d028842ccc8060b4ec7738df3eb9a2e6,Trending_Risky_Pool,326,70,4,
2023-11-23,0x11ac6af070fe1991a457c56fb85c577efe57f0e4,Trending_Risky_Pool,298,70,4,
2023-11-23,0x5f320c3b8f82acfe8f2bb1c85d63aa66a7ff524f,Trending_Risky_Pool,273,70,4,
2023-11-23,0x8772eb993841c335185afc1a55c1d9347099e2e9,Trending_Risky_Pool,272,70,4,
2023-11-23,0x54523d5fb56803bac758e8b10b321748a77ae9e9,Trending_Risky_Pool,246,70,4,
2023-11-23,0x872a34ebb2d54af86827810eebc7b9dc6b2144aa,Trending_Risky_Pool,234,70,4,
2023-11-23,0x9a3321e1acd3b9f6debee5e042dd2411a1742002,Trending_Risky_Pool,206,70,4,
2023-11-23,0x8624b3a4f29620390d06286df207f6791c243389,Trending_Risky_Pool,192,70,4,
2023-11-23,0xed470f8deef3b19b91d00d821f0207e9f2310225,Trending_Risky_Pool,185,70,4,
2023-11-23,0x7bd6fabd64813c48545c9c0e312a0099d9be2540,Trending_Risky_Pool,169,70,4,
2023-11-23,0x9fb9a33956351cf4fa040f65a13b835a3c8764e3,Trending_Risky_Pool,144,70,4,
2023-11-23,0x61b83edf87ea662c695439a807c386455c9e797c,Trending_Risky_Pool,124,70,4,
2023-11-23,0x28ce223853d123b52c74439b10b43366d73fd3b5,Trending_Risky_Pool,117,70,4,
2023-11-23,0x71cce0035d82c21cf4b908bcd8f1117fff0fa623,Trending_Risky_Pool,115,70,4,
2023-11-23,0x6cf271270662be1c4fc1b7bb7d7d7fc60cc19125,Trending_Risky_Pool,101,70,4,
2023-11-23,0x93023f1d3525e273f291b6f76d2f5027a39bf302,Trending_Risky_Pool,89,70,4,
2023-11-23,0x9a2478c4036548864d96a97fbf93f6a3341fedac,Trending_Risky_Pool,81,70,4,
2023-11-23,0xb56554296bc11afc98847914254a2beb82ba2bed,Trending_Risky_Pool,58,70,4,
2023-11-23,0xee246aa7e2ecf136466c6fe4808f395861c6a04e,Trending_Risky_Pool,56,70,4,
2023-11-23,0x89eb16377f3d10d39b23df7c02ae94ac3a81d389,Trending_Risky_Pool,55,70,4,
2023-11-23,0x11a1764c877837921eca6f3f58cdbe9bcd4e9e5e,Trending_Risky_Pool,48,80,5,
2023-11-23,0x8b6bf63e2b1c221dc0fb01ae85868b83ddee1b54,Trending_Risky_Pool,48,70,4,
2023-11-23,0x1e83d06e17cae34415bea30116ac755456131020,Trending_Risky_Pool,44,70,4,
2023-11-23,0x2f5fb3d3ab21bde07c5aa389e92366651b406c30,Trending_Risky_Pool,40,70,4,
2023-11-23,0xb12e8eb6b1f24e14381514d2f3b75e7c61487016,Trending_Risky_Pool,37,80,5,
2023-11-23,0x14beb72194866e1b4d6ffad3cd5b488f76168b61,Trending_Risky_Pool,36,70,4,
2023-11-23,0x3e195dd3c55568362dcab32a61d253c1ca365786,Trending_Risky_Pool,35,70,4,
2023-11-23,0x0566b9a8ffb8908682796751eed00722da967be0,Trending_Risky_Pool,34,70,4,
2023-11-23,0x2a48ece377b87ce941406657b9278b4459595e06,Trending_Risky_Pool,33,70,4,
2023-11-23,0xff71e87a2e7b818eee86f3f1c2e94a06cac85866,Trending_Risky_Pool,26,70,4,
2023-11-23,0x051f9876fead11e788656845778367cf8573be96,Trending_Risky_Pool,26,70,4,
2023-11-23,0xcc780503e290274cfa8da085528067e259df58f0,Trending_Risky_Pool,22,70,4,
2023-11-23,0x58c764c18b6263ce97c8a22fec857e0139026b06,Trending_Risky_Pool,21,70,4,
2023-11-23,0x56b331c7e3d68306f26e07492125f0faa9d95343,Trending_Risky_Pool,21,70,4,
2023-11-23,0xb1a1d06d42a43a8fcfdc7fdcd744f7ef03e8ad1a,Trending_Risky_Pool,20,80,5,
2023-11-23,0x2b3559c3dbdb294cbb71f2b30a693f4c6be6132d,Trending_Risky_Pool,20,70,4,
2023-11-23,0xc544d8ab2b5ed395b96e3ec87462801eca579ae1,Trending_Risky_Pool,14,70,4,
2023-11-23,0x3374bdb800708d1b3173eac918c58d766c7ddd28,Trending_Risky_Pool,14,70,4,
2023-11-23,0x0ec674fabb4ea1935514a7be760f7e13aa466a39,Trending_Risky_Pool,11,70,4,
2023-11-23,0xf99f2aec50adfde23cc67ab6240168b0a59f1d30,Trending_Risky_Pool,10,70,4,
2023-11-23,0xa4a66d8a705260c8cb1ebb59224e018015294f48,Trending_Risky_Pool,7,70,4,
2023-11-23,0x9fbd6973f7e6e49eac8ff2eb857fdeed41d2e482,Trending_Risky_Pool,7,70,4,
2023-11-23,0x95173a846cf2134ce5d1dc86bdfb46aa8e41f697,Trending_Risky_Pool,5,80,5,
2023-11-23,0x5dc53496e8dd50887785d75d432cba6a86f82cad,Trending_Risky_Pool,5,70,4,
2023-11-23,0xdd63525fab69a97224962a076a642bfcf0714f2e,Trending_Risky_Pool,4,70,4,
2023-11-23,0x05243e4e2c041d24408d0751c1031e9b435445da,Trending_Risky_Pool,4,70,4,
2023-11-23,0xf87940f78f2f4d99a0c5c22e3fcc21795cd53245,Trending_Risky_Pool,3,70,4,
2023-11-23,0x150cbd6e82d63db545ff8904de365b9154b0b386,Trending_Risky_Pool,3,70,4,
2023-11-23,0x0e9c0f8fcc8e60f8daeb569448a41514eb321471,Trending_Risky_Pool,1,70,4,
2023-11-23,0xee0ed249325a8284d66af5f98dcbb7c620ebbe45,Trending_Risky_Pool,1,70,4,
2023-11-23,0xdf7ff95aa3d855a6fb21399432166a92fdcf1b1a,Trending_Risky_Pool,1,80,5,
2023-11-23,0x74d00122a5d038914eae062af8174c888f3166dc,Trending_Risky_Pool,1,70,4,
2023-11-23,0x49cedcdf72647074a1463abbcc24e10c7ecdeb43,Trending_Risky_Pool,0,80,5,
2023-11-23,0xba509bdb71a29301860800e13867b59b461747af,Trending_Risky_Tokens,61077,70,4,
2023-11-23,0x75ca521892de7f2ecfb070cab545c250d0ceb7e3,Trending_Risky_Tokens,34237,70,4,
2023-11-23,0x04f46cdfe8dd348e41902eef1aff19ace1661f4c,Trending_Risky_Tokens,15136,70,4,
2023-11-23,0xc632f90affec7121120275610bf17df9963f181c,Trending_Risky_Tokens,8035,70,4,
2023-11-23,0x3ab7014d0e896a8e486fbf5bc590eeb93d6f44bf,Trending_Risky_Tokens,6251,70,4,
2023-11-23,0x4d1e90ab966ae26c778b2f9f365aa40abb13f53c,Trending_Risky_Tokens,5883,70,4,
2023-11-23,0xabe776435f7459e2f5ba773bfb753ed19a053dd0,Trending_Risky_Tokens,4799,70,4,
2023-11-23,0x9767c8e438aa18f550208e6d1fdf5f43541cc2c8,Trending_Risky_Tokens,2219,70,4,
2023-11-23,0xb1d4e33dd4aa6204bc8aae340b67455a662f038a,Trending_Risky_Tokens,1948,70,4,
2023-11-23,0xb86126b872e3f23bc62d6a4a3152ec65202a2073,Trending_Risky_Tokens,1883,70,4,
2023-11-23,0x20f663cea80face82acdfa3aae6862d246ce0333,Trending_Risky_Tokens,1873,70,4,
2023-11-23,0x1f1c90aeb2fd13ea972f0a71e35c0753848e3db0,Trending_Risky_Tokens,1832,70,4,
2023-11-23,0x73fbd93bfda83b111ddc092aa3a4ca77fd30d380,Trending_Risky_Tokens,1732,70,4,
2023-11-23,0xa4838122c683f732289805fc3c207febd55babdd,Trending_Risky_Tokens,1631,70,4,
2023-11-23,0x82030cdbd9e4b7c5bb0b811a61da6360d69449cc,Trending_Risky_Tokens,1343,70,4,
2023-11-23,0xbcb24afb019be7e93ea9c43b7e22bb55d5b7f45d,Trending_Risky_Tokens,1059,70,4,
2023-11-23,0x83d3c2d1a55687498df6800c5f173ec6a7556089,Trending_Risky_Tokens,1039,70,4,
2023-11-23,0x6d6ba21e4c4b29ca7bfa1c344ba1e35b8dae7205,Trending_Risky_Tokens,954,70,4,
2023-11-23,0x77087ab5df23cfb52449a188e80e9096201c2097,Trending_Risky_Tokens,757,70,4,
2023-11-23,0x5b6bf0c7f989de824677cfbd507d9635965e9cd3,Trending_Risky_Tokens,711,70,4,
2023-11-23,0xd983ab71a284d6371908420d8ac6407ca943f810,Trending_Risky_Tokens,642,70,4,
2023-11-23,0xc9882def23bc42d53895b8361d0b1edc7570bc6a,Trending_Risky_Tokens,603,70,4,
2023-11-23,0x724f8ebae58f19bc472ae57b4b24748a9f3e55c5,Trending_Risky_Tokens,582,70,4,
2023-11-23,0xbededdf2ef49e87037c4fb2ca34d1ff3d3992a11,Trending_Risky_Tokens,557,70,4,
2023-11-23,0x60322971a672b81bcce5947706d22c19daecf6fb,Trending_Risky_Tokens,538,70,4,
2023-11-23,0xac68931b666e086e9de380cfdb0fb5704a35dc2d,Trending_Risky_Tokens,517,70,4,
2023-11-23,0x1bec5734b1e4559979158052dfa5c6f0156282f2,Trending_Risky_Tokens,514,70,4,
2023-11-23,0x9e9bef94795bfe87a11a0369b4e0c3b60a6fcf2b,Trending_Risky_Tokens,417,80,5,
2023-11-23,0xa68c9c2c39176b3ee9f6359b68e853893c6ddc5a,Trending_Risky_Tokens,413,70,4,
2023-11-23,0x198271b868dae875bfea6e6e4045cdda5d6b9829,Trending_Risky_Tokens,397,70,4,
2023-11-23,0xe4fae3faa8300810c835970b9187c268f55d998f,Trending_Risky_Tokens,381,70,4,
2023-11-23,0x1633b7157e7638c4d6593436111bf125ee74703f,Trending_Risky_Tokens,330,70,4,
2023-11-23,0x83f41c98d028842ccc8060b4ec7738df3eb9a2e6,Trending_Risky_Tokens,326,70,4,
2023-11-23,0x11ac6af070fe1991a457c56fb85c577efe57f0e4,Trending_Risky_Tokens,298,70,4,
2023-11-23,0x5f320c3b8f82acfe8f2bb1c85d63aa66a7ff524f,Trending_Risky_Tokens,273,70,4,
2023-11-23,0x8772eb993841c335185afc1a55c1d9347099e2e9,Trending_Risky_Tokens,272,70,4,
2023-11-23,0x54523d5fb56803bac758e8b10b321748a77ae9e9,Trending_Risky_Tokens,246,70,4,
2023-11-23,0x872a34ebb2d54af86827810eebc7b9dc6b2144aa,Trending_Risky_Tokens,234,70,4,
2023-11-23,0x9a3321e1acd3b9f6debee5e042dd2411a1742002,Trending_Risky_Tokens,206,70,4,
2023-11-23,0x8624b3a4f29620390d06286df207f6791c243389,Trending_Risky_Tokens,192,70,4,
2023-11-23,0xed470f8deef3b19b91d00d821f0207e9f2310225,Trending_Risky_Tokens,185,70,4,
2023-11-23,0x7bd6fabd64813c48545c9c0e312a0099d9be2540,Trending_Risky_Tokens,169,70,4,
2023-11-23,0x9fb9a33956351cf4fa040f65a13b835a3c8764e3,Trending_Risky_Tokens,144,70,4,
2023-11-23,0x61b83edf87ea662c695439a807c386455c9e797c,Trending_Risky_Tokens,124,70,4,
2023-11-23,0x28ce223853d123b52c74439b10b43366d73fd3b5,Trending_Risky_Tokens,117,70,4,
2023-11-23,0x71cce0035d82c21cf4b908bcd8f1117fff0fa623,Trending_Risky_Tokens,115,70,4,
2023-11-23,0x6cf271270662be1c4fc1b7bb7d7d7fc60cc19125,Trending_Risky_Tokens,101,70,4,
2023-11-23,0x93023f1d3525e273f291b6f76d2f5027a39bf302,Trending_Risky_Tokens,89,70,4,
2023-11-23,0x5b8650cd999b23cf39ab12e3213fbc8709c7f5cb,Trending_Risky_Tokens,85,70,4,
2023-11-23,0x9a2478c4036548864d96a97fbf93f6a3341fedac,Trending_Risky_Tokens,81,70,4,
2023-11-23,0xb56554296bc11afc98847914254a2beb82ba2bed,Trending_Risky_Tokens,58,70,4,
2023-11-23,0xee246aa7e2ecf136466c6fe4808f395861c6a04e,Trending_Risky_Tokens,56,70,4,
2023-11-23,0x89eb16377f3d10d39b23df7c02ae94ac3a81d389,Trending_Risky_Tokens,55,70,4,
2023-11-23,0x11a1764c877837921eca6f3f58cdbe9bcd4e9e5e,Trending_Risky_Tokens,48,80,5,
2023-11-23,0x8b6bf63e2b1c221dc0fb01ae85868b83ddee1b54,Trending_Risky_Tokens,48,70,4,
2023-11-23,0x1e83d06e17cae34415bea30116ac755456131020,Trending_Risky_Tokens,44,70,4,
2023-11-23,0x2f5fb3d3ab21bde07c5aa389e92366651b406c30,Trending_Risky_Tokens,40,70,4,
2023-11-23,0xb12e8eb6b1f24e14381514d2f3b75e7c61487016,Trending_Risky_Tokens,37,80,5,
2023-11-23,0x14beb72194866e1b4d6ffad3cd5b488f76168b61,Trending_Risky_Tokens,36,70,4,
2023-11-23,0x3e195dd3c55568362dcab32a61d253c1ca365786,Trending_Risky_Tokens,35,70,4,
2023-11-23,0x0566b9a8ffb8908682796751eed00722da967be0,Trending_Risky_Tokens,34,70,4,
2023-11-23,0x051f9876fead11e788656845778367cf8573be96,Trending_Risky_Tokens,26,70,4,
2023-11-23,0xff71e87a2e7b818eee86f3f1c2e94a06cac85866,Trending_Risky_Tokens,26,70,4,
2023-11-23,0xcc780503e290274cfa8da085528067e259df58f0,Trending_Risky_Tokens,22,70,4,
2023-11-23,0x58c764c18b6263ce97c8a22fec857e0139026b06,Trending_Risky_Tokens,21,70,4,
2023-11-23,0x56b331c7e3d68306f26e07492125f0faa9d95343,Trending_Risky_Tokens,21,70,4,
2023-11-23,0xb1a1d06d42a43a8fcfdc7fdcd744f7ef03e8ad1a,Trending_Risky_Tokens,20,80,5,
2023-11-23,0x2b3559c3dbdb294cbb71f2b30a693f4c6be6132d,Trending_Risky_Tokens,20,70,4,
2023-11-23,0x3374bdb800708d1b3173eac918c58d766c7ddd28,Trending_Risky_Tokens,14,70,4,
2023-11-23,0xc544d8ab2b5ed395b96e3ec87462801eca579ae1,Trending_Risky_Tokens,14,70,4,
2023-11-23,0x0ec674fabb4ea1935514a7be760f7e13aa466a39,Trending_Risky_Tokens,11,70,4,
2023-11-23,0xf99f2aec50adfde23cc67ab6240168b0a59f1d30,Trending_Risky_Tokens,10,70,4,
2023-11-23,0x9fbd6973f7e6e49eac8ff2eb857fdeed41d2e482,Trending_Risky_Tokens,7,70,4,
2023-11-23,0x5dc53496e8dd50887785d75d432cba6a86f82cad,Trending_Risky_Tokens,5,70,4,
2023-11-23,0x95173a846cf2134ce5d1dc86bdfb46aa8e41f697,Trending_Risky_Tokens,5,80,5,
2023-11-23,0xdd63525fab69a97224962a076a642bfcf0714f2e,Trending_Risky_Tokens,4,70,4,
2023-11-23,0x150cbd6e82d63db545ff8904de365b9154b0b386,Trending_Risky_Tokens,3,70,4,
2023-11-23,0xf87940f78f2f4d99a0c5c22e3fcc21795cd53245,Trending_Risky_Tokens,3,70,4,
2023-11-23,0x74d00122a5d038914eae062af8174c888f3166dc,Trending_Risky_Tokens,1,70,4,
2023-11-23,0xdf7ff95aa3d855a6fb21399432166a92fdcf1b1a,Trending_Risky_Tokens,1,80,5,
2023-11-23,0xee0ed249325a8284d66af5f98dcbb7c620ebbe45,Trending_Risky_Tokens,1,70,4,
2023-11-23,0x0e9c0f8fcc8e60f8daeb569448a41514eb321471,Trending_Risky_Tokens,1,70,4,
2023-11-23,0x49cedcdf72647074a1463abbcc24e10c7ecdeb43,Trending_Risky_Tokens,0,80,5,
2023-11-23,0xa420479d1f34d7ef67f68b5982fa08f436d515bc,Weekly_Trending_Risky,,70,4,"The contract has some scam features such as Ponzi, Honeypot or fake token, please be careful of scam risk."
2023-11-23,0xa8dd05982db7c1cc9d2e55415550676eb4e6f3e1,Weekly_Trending_Risky,,70,4,"The contract has some scam features such as Ponzi, Honeypot or fake token, please be careful of scam risk."
2023-11-23,0xdeb781b3c4377ae312339f2aa47cbb226f92157c,Weekly_Trending_Risky,,70,4,"The contract contains some backdoor function which could mean the owner has some potentially malicious intent, please be careful of rugpull risk."
2023-11-23,0x6dc70d4e0342da36be4d9d5061fc442d1c443ec1,Weekly_Trending_Risky,,70,4,"The contract has some scam features such as Ponzi, Honeypot or fake token, please be careful of scam risk."
2023-11-23,0xf2c3b74561879d4b3c72186edfc696a9904412d2,Weekly_Trending_Risky,,70,4,"The contract has some scam features such as Ponzi, Honeypot or fake token, please be careful of scam risk."
2023-11-23,0xc572fb7e614c681613ba0dfab41bc37f987daf6b,Weekly_Trending_Risky,,70,4,"This contract contains obfuscated code, which usually signify some risks."
2023-11-23,0xc7961a8b2dd8a8388b224cc0a96b3be366558a03,Weekly_Trending_Risky,,70,4,"This contract contains obfuscated code, which usually signify some risks."
2023-11-23,0x7aaab67b14a682d32c1cee67c871a2cc93025ea0,Weekly_Trending_Risky,,70,4,"This contract contains obfuscated code, which usually signify some risks."
2023-11-23,0x3c794d511bd09f4b524a8d32ee587a75dca16f24,Weekly_Trending_Risky,,70,4,"This contract contains obfuscated code, which usually signify some risks."
2023-11-23,0x1b64a69b3657780b052ec44f404a7aa4f97ac2c1,Weekly_Trending_Risky,,70,4,"This contract contains obfuscated code, which usually signify some risks."
2023-11-23,0x89300157f83cc89715efe1abef0bc1975529af1d,Weekly_Trending_Risky,,70,4,"This contract contains obfuscated code, which usually signify some risks."
2023-11-23,0x4063c9675fcf223ff56f4f617f2df715b2519c7b,Weekly_Trending_Risky,,70,4,"This contract contains obfuscated code, which usually signify some risks."
2023-11-23,0x19c70598938b655e75cb66ca180cf1f6d7f3de0d,Weekly_Trending_Risky,,70,4,"This contract contains obfuscated code, which usually signify some risks."
2023-11-23,0xe416ba0e3df8a9182cceb8a09884bf636ecd78c2,Weekly_Trending_Risky,,70,4,"This contract contains obfuscated code, which usually signify some risks."
2023-11-23,0x89ac842d52c9d0399bf9708f54c27901af78bfe4,Weekly_Trending_Risky,,70,4,"This contract contains obfuscated code, which usually signify some risks."
2023-11-23,0x7636b2c739caaf60a3be0e81fad727640b15c035,Weekly_Trending_Risky,,70,4,"This contract contains obfuscated code, which usually signify some risks."
2023-11-23,0x30fe2ed945e8b7f6385774d4224acbde4afaebc8,Weekly_Trending_Risky,,70,4,"This contract contains obfuscated code, which usually signify some risks."
2023-11-23,0x0050fa22c1aafb1db49a649ed91138a5d8e2534c,Weekly_Trending_Risky,,70,4,"This contract contains obfuscated code, which usually signify some risks."
2023-11-23,0x868b79fc025afbc99bee7ef557d2513e73df51af,Weekly_Trending_Risky,,70,4,"This contract contains obfuscated code, which usually signify some risks."
2023-11-23,0x57472e9e59c5f18c6f4ad2a8b63d95f34e18c826,Weekly_Trending_Risky,,70,4,"This contract contains obfuscated code, which usually signify some risks."
2023-11-23,0x52649652ae00e4a34dca9b4575943f757bceb525,Weekly_Trending_Risky,,70,4,"This contract contains obfuscated code, which usually signify some risks."
2023-11-23,0xbd0050afdf99fd17b442cf8d542a62b143cf617b,Weekly_Trending_Risky,,70,4,"This contract contains obfuscated code, which usually signify some risks."
2023-11-23,0x9655ada1d47f6f8671a106f372ffc33cbf97f34c,Weekly_Trending_Risky,,70,4,"This contract contains obfuscated code, which usually signify some risks."
2023-11-23,0xfbd763b9b66e80331a35fd1ed76585bdb3d6f0b9,Weekly_Trending_Risky,,70,4,"This contract contains obfuscated code, which usually signify some risks."
2023-11-23,0x1ceac1227091dbce42577ab0b867337f5331b824,Weekly_Trending_Risky,,70,4,"This contract contains obfuscated code, which usually signify some risks."
2023-11-23,0x9da11469a28e5d01a5a896f46d1feef0dcd0572b,Weekly_Trending_Risky,,70,4,"This contract contains obfuscated code, which usually signify some risks."
2023-11-23,0x65577f85d12c0e9732968ea011a004d7e3426533,Weekly_Trending_Risky,,70,4,"This contract contains obfuscated code, which usually signify some risks."
2023-11-23,0x871bb861a8e6978e3016f55a8c895c5c415bc40f,Weekly_Trending_Risky,,70,4,"This contract contains obfuscated code, which usually signify some risks."
2023-11-23,0xafd82933fa0980c611ff450d30f73dafd0dad447,Weekly_Trending_Risky,,70,4,"This contract contains obfuscated code, which usually signify some risks."
2023-11-23,0x029b8518c71eddd7d92ce073628a5e2f2b715474,Weekly_Trending_Risky,,70,4,"This contract contains obfuscated code, which usually signify some risks."
2023-11-23,0x6591ca4dd8b8114871dfd5288fb544cb8f26ab2a,Weekly_Trending_Risky,,70,4,"This contract contains obfuscated code, which usually signify some risks."
2023-11-23,0xecef66459225988b8719b930fee31ce9f88db388,Weekly_Trending_Risky,,70,4,"This contract contains obfuscated code, which usually signify some risks."
2023-11-23,0xb7d87979ba3063b0e9eea39326cb67e53e6f3160,Weekly_Trending_Risky,,70,4,"This contract contains obfuscated code, which usually signify some risks."
2023-11-23,0x53f3548e6454079d790c366ccf8428921268802b,Weekly_Trending_Risky,,70,4,"This contract contains obfuscated code, which usually signify some risks."
2023-11-23,0x58a04e81a2377e77e6fe7f62c60426ab2a568b7c,Weekly_Trending_Risky,,70,4,"This contract contains obfuscated code, which usually signify some risks."
2023-11-23,0x1feee4a58bce6d7d1d5e07719702eaad76bbb4f8,Weekly_Trending_Risky,,70,4,"This contract contains obfuscated code, which usually signify some risks."
2023-11-23,0xcce4230594729b6da3e5b0ff6e4fa7fc88c8dc5a,Weekly_Trending_Risky,,70,4,"This contract contains obfuscated code, which usually signify some risks."
2023-11-23,0xde0cf62d54a53f2c72a345bea4c0e9b6158f0662,Weekly_Trending_Risky,,70,4,"This contract contains obfuscated code, which usually signify some risks."
2023-11-23,0x0bb28a50a3a3a3fac16155b894015bc265054810,Weekly_Trending_Risky,,70,4,"This contract contains obfuscated code, which usually signify some risks."
2023-11-23,0x559e2ec5d77443e0109655d368e572be40e78f82,Weekly_Trending_Risky,,70,4,"This contract contains obfuscated code, which usually signify some risks."
2023-11-23,0xf0c642b034a8cc8a8e4c153d39d87ac05a1bfb5a,Weekly_Trending_Risky,,70,4,"This contract contains obfuscated code, which usually signify some risks."
2023-11-23,0x5c336bd879ce046875b487cdf14c8630e5ef5d01,Weekly_Trending_Risky,,70,4,"This contract contains obfuscated code, which usually signify some risks."
2023-11-23,0x85c54f863fb1baca301ae0948e21be7cfd5b6313,Weekly_Trending_Risky,,70,4,"This contract contains obfuscated code, which usually signify some risks."
2023-11-23,0xba0699c1dc19c991eccd6e160fed96205d72a33a,Weekly_Trending_Risky,,70,4,"This contract contains obfuscated code, which usually signify some risks."
2023-11-23,0xf16e57a9f27dda02a25274140c45ec388cc8d146,Weekly_Trending_Risky,,70,4,"This contract contains obfuscated code, which usually signify some risks."
2023-11-23,0xbdb4b3c212a5f1681c71cec282ab89cd83c8ab70,Weekly_Trending_Risky,,70,4,"This contract contains obfuscated code, which usually signify some risks."
2023-11-23,0xe7de8f5a28d755f53cd808624adc364c95d9cb63,Weekly_Trending_Risky,,70,4,"This contract contains obfuscated code, which usually signify some risks."
2023-11-23,0xd2f174e11ec4649aca0a895024b31ed3d2958f21,Weekly_Trending_Risky,,70,4,"This contract contains obfuscated code, which usually signify some risks."
2023-11-23,0x61201d398ea5290787a1474d5224257161d6fa19,Weekly_Trending_Risky,,70,4,"This contract contains obfuscated code, which usually signify some risks."
2023-11-23,0x929625acce321770c747c38cc989b689ee823d90,Weekly_Trending_Risky,,70,4,"This contract contains obfuscated code, which usually signify some risks."
2023-11-23,0xef132fa255dfd18b1bfc739f47d53f8a9fe6ddf2,Weekly_Trending_Risky,,70,4,"This contract contains obfuscated code, which usually signify some risks."
2023-11-23,0x4665d39a8241014310057cd0b20803c0d62686ff,Weekly_Trending_Risky,,70,4,"This contract contains obfuscated code, which usually signify some risks."
2023-11-23,0xc2eacd322c3bd1954703e27e8f2a25fb0bab0b71,Weekly_Trending_Risky,,70,4,"This contract contains obfuscated code, which usually signify some risks."
2023-11-23,0xd24b211f2578580f1861e1d67cd5b395aebb4657,Weekly_Trending_Risky,,70,4,"This contract contains obfuscated code, which usually signify some risks."
2023-11-23,0xfbcf52615f2bbd88c66af3f37986faa3e3f7614d,Weekly_Trending_Risky,,70,4,"This contract contains obfuscated code, which usually signify some risks."
2023-11-23,0x55ce625ae53043202483cc2edb294f2904e16156,Weekly_Trending_Risky,,70,4,"This contract contains obfuscated code, which usually signify some risks."
2023-11-23,0x4d12fa5876ac63f38fc4366e5d4c6874db9719ac,Weekly_Trending_Risky,,70,4,"This contract contains obfuscated code, which usually signify some risks."
2023-11-23,0x6eb81e540bf7336f0f7cf16cba4ce7f8d43cacf9,Weekly_Trending_Risky,,70,4,"This contract contains obfuscated code, which usually signify some risks."
2023-11-23,0x384985f7607ddae2bda1b93e705bdba324b5cee5,Weekly_Trending_Risky,,70,4,"This contract contains obfuscated code, which usually signify some risks."
2023-11-23,0xa0bfebc7928edf5152484378bea301b4b5151146,Weekly_Trending_Risky,,70,4,"This contract contains obfuscated code, which usually signify some risks."